"Path","Bytes","SHA256"
"complete-reference-snapshot/.env.example","178","A9677F37D368B91E8C7C6AF6ECC79139A63003468E5B9C192B7CBEA263823B65"
"complete-reference-snapshot/AGENTS.md","1162","FD17CBB888028D1BDFD56B50CDD25ADBEAFEC85E008DD4A28782B9B0781552B5"
"complete-reference-snapshot/apps/api/package.json","1580","338068D736240346587E7425972E0A953E431837746FEC71254970DC0B9EB851"
"complete-reference-snapshot/apps/api/prisma/backfill-chart-of-accounts.ts","1344","185F761058E9D82808C8858EFAD3A3F20C4172CAD802F0B3A800B81847FD660B"
"complete-reference-snapshot/apps/api/prisma/backfill-phase1-foundation.ts","4035","4EFB5935F657EC7A6ECB95A93E0C6922456E093EF53544EE126BDE4421973E68"
"complete-reference-snapshot/apps/api/prisma/backfill-renumber-account-codes.ts","7784","1811122EF0F76F7B32EF68815D1ABD4E8A2F755E28B78FC01100D4F4B848388D"
"complete-reference-snapshot/apps/api/prisma/migrations/20260712103529_init_saas_foundation/migration.sql","24587","2D757F8320240A00A302A955BF710ECF8D162300E59E9017A0F01A5035069614"
"complete-reference-snapshot/apps/api/prisma/migrations/20260713105444_real_voucher_inventory_flow/migration.sql","7685","8F410EB19BBC040F169263AC14DA835974E8492D0FC14E843013CC5DB785D1D8"
"complete-reference-snapshot/apps/api/prisma/migrations/20260713161000_subscription_upgrade_requests/migration.sql","2113","109D4B3AE5E9CC8C61771C85D59A83E3BE38D7E1763B979B22E100A41FF68F6F"
"complete-reference-snapshot/apps/api/prisma/migrations/20260726171346_accounting_phase1_foundation/migration.sql","9249","630E29E4FCE193DF5C78AC95323112AE0C3AB35C807EAC565FCF05D8845A7BFE"
"complete-reference-snapshot/apps/api/prisma/migrations/20260726185149_chart_of_accounts_hierarchy/migration.sql","734","DE36F45540557CA2FBD1F7557FA80FBC62CC6CA7B2A3A9630B8711B44E3695AA"
"complete-reference-snapshot/apps/api/prisma/migrations/20260727045748_add_inventory_adjustments/migration.sql","1545","5FC66AC3AC5B4C080FA00FFD67F3C71D39E324B1F36F3D3A9E2249D5CDA6781C"
"complete-reference-snapshot/apps/api/prisma/migrations/20260727071516_add_party_opening_balance/migration.sql","100","D5075A192C567AD2CC5FCAE1CB4EF5AFD7A16F0B9D1BFD48AA07DCC329FD9F44"
"complete-reference-snapshot/apps/api/prisma/migrations/20260727085851_add_voucher_attachments/migration.sql","174","57D00FA40AF4DFE01A2FCEDB03CF9B8C78AC46851A14BDFDBC64A77A07F27F63"
"complete-reference-snapshot/apps/api/prisma/migrations/20260727094819_add_inventory_alias_alternate_unit/migration.sql","164","03FBB176703A09AB5ED0330534CBEF372AF92487DAD10745DE9D36FD54723EC2"
"complete-reference-snapshot/apps/api/prisma/migrations/20260727110020_add_inventory_category_unit/migration.sql","2199","633D93ED249F1F94F5B986BB74C90F58C2FD8FBB68E47D41931F40963BB5AD19"
"complete-reference-snapshot/apps/api/prisma/migrations/20260727113941_add_unit_alternate_unit/migration.sql","135","46FEB9219CB6D65774C9B54201FA670749E863FDD377BD96514A52F4E878DAD3"
"complete-reference-snapshot/apps/api/prisma/migrations/20260728132554_add_inventory_category_hierarchy/migration.sql","582","4C36AA16AB0867A3028608F963610C55CA7699DF9B4E4720CADF104F35800A3D"
"complete-reference-snapshot/apps/api/prisma/migrations/20260728142123_add_inventory_item_details/migration.sql","480","F57509888D0268102CFF099B4D5E59EAE7D45FA47F2988E0F527102FFFF0DF7C"
"complete-reference-snapshot/apps/api/prisma/migrations/20260728173000_add_recycle_bin_entries/migration.sql","1597","F61F2D38323C0FD8CB52C0AA0142C83365C2C82257BC8AADE0107D4C23737E28"
"complete-reference-snapshot/apps/api/prisma/migrations/20260729182000_add_cloud_workspace_backups/migration.sql","920","EBB6B6AC4433A447D81B3A28431A7EAA0B22ABB62F9C796AB3C0964602ABF531"
"complete-reference-snapshot/apps/api/prisma/migrations/20260729193000_add_workspace_app_settings/migration.sql","953","CFAFB39B3B127212D428EA3DB53BC670EE713A407B5593D77520C63F96B30A52"
"complete-reference-snapshot/apps/api/prisma/migrations/20260730120000_add_voucher_document_kind/migration.sql","167","9DD24648CC4BD82FEDD9878370EFFA5EC432128A1C5E928EA3553A412CC03188"
"complete-reference-snapshot/apps/api/prisma/migrations/20260730130000_add_voucher_source_link/migration.sql","149","DE1A76F7964EFFA9BFEDB8AEC7F91A316F16013C3C3F9FA8FAAA6BDAFBD077D9"
"complete-reference-snapshot/apps/api/prisma/migrations/20260805084437_generalize_account_category_levels/migration.sql","1143","3A6E9123C464FB940CFCC6EF7771266F24E5F0ED277B30A4D1A2CF67C7A946D5"
"complete-reference-snapshot/apps/api/prisma/migrations/20260805104419_add_account_requires_item_details/migration.sql","484","BBFBD0E6FDB93A797369935162ED9F971CDEB56C3EBFD39F011B6487B4904D08"
"complete-reference-snapshot/apps/api/prisma/migrations/20260805112646_add_ledger_items/migration.sql","1233","D5807D722EBB709FB9373170C5F5AC94EBF1DCFF783AE171455EE3AB8238E859"
"complete-reference-snapshot/apps/api/prisma/migrations/20260808133000_add_inventory_item_kind/migration.sql","270","96ADEA78ED4F0CB9EDFF110A8B76885A129015A46A28C50B0347DD7938B89C4E"
"complete-reference-snapshot/apps/api/prisma/migrations/20260810090948_add_inventory_adjustment_reason/migration.sql","148","9C2BD8E53D7F8B0E3532FEE0474DF7F778E02D8C6EE43B9F668A301075EE0DD8"
"complete-reference-snapshot/apps/api/prisma/migrations/20260810101218_add_inventory_item_expiry_date/migration.sql","84","6A647055B58B08742317B7FECC64375D8F6A2EEBB814ED8263931D6F8086BD6C"
"complete-reference-snapshot/apps/api/prisma/migrations/20260811120000_add_account_bank_details/migration.sql","54","85A7C13859A96E709BA5A3008174AE901228DCA1EAE6007AB63C167977987478"
"complete-reference-snapshot/apps/api/prisma/migrations/20260811143000_add_account_opening_balance/migration.sql","84","CF496CB789D0956167A97E9F11AF0F4B3261C57979E58E1549D3974AA0CD60DB"
"complete-reference-snapshot/apps/api/prisma/migrations/20260812160000_add_account_opening_balance_date/migration.sql","60","97E974D1599ED4E6F8D0CB483C07D39A97E5858E55B569A8B614DC25973CA163"
"complete-reference-snapshot/apps/api/prisma/migrations/20260812170000_add_account_opening_balance_source/migration.sql","71","992F4787D94337675B3ABFF20C5126CA1E2E8EB5868347FDC52DB99067AD2F52"
"complete-reference-snapshot/apps/api/prisma/migrations/20260812180000_add_account_opening_balance_allocations/migration.sql","64","FFF76A192CE5C17B5D43F64ED8BCEF1C725436CD0432951405E7D7F666C22098"
"complete-reference-snapshot/apps/api/prisma/migrations/20260812190000_classify_opening_balance_lines/migration.sql","601","C24B64ACD17F764D995EFD6476432EC7E0F8C0125BC28B9480C68F228DAF2208"
"complete-reference-snapshot/apps/api/prisma/migrations/20260812200000_repair_cash_purchase_bill_settlement/migration.sql","847","B6DB6045CF70C2A1ECD660F9B0AD4F4F60069A94F5DEE0EACF8545CFA3B6537B"
"complete-reference-snapshot/apps/api/prisma/migrations/20260812210000_add_multi_warehouse_inventory/migration.sql","10202","2B4AF65AF429B34BC411E6E6ECE26CF01481706509C21FE0E1C3E835FDFB1868"
"complete-reference-snapshot/apps/api/prisma/migrations/20260812220000_add_warehouse_permissions/migration.sql","1090","384DD383915C56A23A5421DF162D34B9367EA0F4242896CD5533A3CFD722CF08"
"complete-reference-snapshot/apps/api/prisma/migrations/20260812230000_warehouse_inventory_adjustments/migration.sql","560","AF8DB637AF85F1839357519862077ED4523F382726105974AA5D79395B7063F0"
"complete-reference-snapshot/apps/api/prisma/migrations/20260812240000_voucher_line_warehouses/migration.sql","607","FEDE6F8C98743FE9805C2AE0756B6AF765724757E0298B3DCB29F30F3C59B6C1"
"complete-reference-snapshot/apps/api/prisma/migrations/20260812250000_add_bank_settlement_mode/migration.sql","774","F890DC754597EFAA9E2B2F5E3B7737F87EE665BCEBDE00EDB8787ABA27B13ADF"
"complete-reference-snapshot/apps/api/prisma/migrations/20260813050000_add_voucher_paid_amount/migration.sql","66","25A228B654FA359339533FFC085D5FAC510700143FD0698117F219B51829E1C0"
"complete-reference-snapshot/apps/api/prisma/migrations/20260813061000_add_account_print_on_invoices/migration.sql","83","61D7B0621015C2CF177733CAAE681467561E162B922C0E4F3290646251A185CF"
"complete-reference-snapshot/apps/api/prisma/migrations/20260815144702_drop_settlement_account_id/migration.sql","393","366B9411611EBF6098D990F66B5CA710229986C327B166516F108BC145377EAD"
"complete-reference-snapshot/apps/api/prisma/migrations/20260815193000_add_moving_weighted_average/migration.sql","4216","B0EE8964E808E290BF41A591A201695A57AC03B359C6A0104741A4B772FAD5EC"
"complete-reference-snapshot/apps/api/prisma/migrations/20260815211500_add_inventory_cost_revaluation/migration.sql","19502","1947D45BACD8C9B75D389522DB44FA29596D5B9AB9A3ECBE707CDF9958F4BA31"
"complete-reference-snapshot/apps/api/prisma/migrations/20260817163000_allow_negative_stock_frozen_average/migration.sql","461","30D42670F2C516B85DB264B5A0AEDC5A59F03EA9E39231B1037426B4B4AE1359"
"complete-reference-snapshot/apps/api/prisma/migrations/20260818080340_add_fixed_assets/migration.sql","3928","530A746A288640F55741AF2223420B83B4944D2A9B11C4F6EE005892E50DAB4F"
"complete-reference-snapshot/apps/api/prisma/migrations/20260818101853_fixed_assets_phase1_categories/migration.sql","5071","C386485E37AEDEB68D89860ED4E6830B6D101B8D210BDAD85FB21DB400649718"
"complete-reference-snapshot/apps/api/prisma/migrations/20260819093756_add_manual_depreciation/migration.sql","167","9CEC330804DFF3F84CECAD57DCCBBF9455085D1E00CFFC89980CCD43DAA2B46F"
"complete-reference-snapshot/apps/api/prisma/migrations/20260820113000_lock_system_chart_of_accounts/migration.sql","1525","4BFD1403966E1AEDA91663FC223239CA2C5C08589A09624E0EDF361102DE1D3B"
"complete-reference-snapshot/apps/api/prisma/migrations/20260820114500_bank_mfs_ledger_categories/migration.sql","1030","157AA0560254EDCD69A873FD7B380B365CD3FBFE9F1B241F3A8308859E7466CA"
"complete-reference-snapshot/apps/api/prisma/migrations/20260820121000_receivable_child_categories/migration.sql","1303","F9C9AB46CEBAB8321667F714E9988E250AE88806C1F1A0C701AD712EFC4F9B09"
"complete-reference-snapshot/apps/api/prisma/migrations/20260820123000_deposit_advance_child_categories/migration.sql","946","044AB7628A676D4386F3F635FCA1C4E1FB649E2A31C12AEE0DAE794AACB8278F"
"complete-reference-snapshot/apps/api/prisma/migrations/20260820130000_exact_fixed_coa_categories/migration.sql","2428","57D4CBBBDE8496499E9F27B824C9710E3CE6454C18D5041902491DC15E54721C"
"complete-reference-snapshot/apps/api/prisma/migrations/20260820143000_rename_direct_expenses/migration.sql","617","90780C30D88D361250A693AD196255693EADCB095B7A79CD4D78AAC3002BDE49"
"complete-reference-snapshot/apps/api/prisma/migrations/20260821110000_add_party_bill_maturity_days/migration.sql","210","E70257D398FB3FA5FA5E918E46C86EEDB4B5C85C3963ADA7A7787AC0ACD5C2F8"
"complete-reference-snapshot/apps/api/prisma/migrations/20260822113855_add_hr_payroll_module/migration.sql","6265","A10DD88B9E266938561AED56A50848A442265AC36265914638FFB8884D214DE2"
"complete-reference-snapshot/apps/api/prisma/migrations/20260822113930_seed_hr_permissions/migration.sql","1452","60C4BF19B0D334867B2D6CBF95ACE5B1BF0BE8B3483A85ACB931D7E0F2902491"
"complete-reference-snapshot/apps/api/prisma/migrations/20260822120301_hr_department_designation_dynamic_salary/migration.sql","4369","25910707F21A5296ACB1910E87923FD57EAEC9E92D2D3FB248396BF403007569"
"complete-reference-snapshot/apps/api/prisma/migrations/20260822131911_add_hr_leave_management/migration.sql","3339","408FD7179B0EA3F750BD8CAFBE7086C1FD78D254292E2076B05BC7D08DBEE16D"
"complete-reference-snapshot/apps/api/prisma/migrations/20260822132245_seed_hr_leave_permissions/migration.sql","1032","64FD7AF8E69BD6A2387ED8A434DF898024712E3D908DBC6AB9AA8D7F43727F62"
"complete-reference-snapshot/apps/api/prisma/migrations/20260822154500_normalize_workspace_team_roles/migration.sql","1382","A98884A321E1C8D294628BE7FEF4FADDABF0D189272F853F5A9F949B114E2851"
"complete-reference-snapshot/apps/api/prisma/migrations/20260822185000_add_hr_attendance/migration.sql","1859","FB3C7F43912E2A4B62822702ECA25BFFB681AA13B11B984EF6CE561BB3685637"
"complete-reference-snapshot/apps/api/prisma/migrations/20260823053238_add_employee_pf_rate/migration.sql","75","FC171B0CE6495ED4AF2DBE44DA85226511EE5561E47761417D8C0897B5629951"
"complete-reference-snapshot/apps/api/prisma/migrations/20260823054749_add_payslip_employer_pf_contribution/migration.sql","110","F4CD1334C194B481CB5CC7B383F6E65E7A9563EEF127DB4836B65A0643C8E52C"
"complete-reference-snapshot/apps/api/prisma/migrations/20260823055531_add_shift_and_holiday/migration.sql","2286","6CC5F18000E7DB3FBD9E27C092295B0EDF2B7A97B49AE3CBA4625E6BDF23DD5A"
"complete-reference-snapshot/apps/api/prisma/migrations/20260823061034_drop_redundant_holiday_index/migration.sql","56","0BD58F7DA9FD762E642EAB61F04BD4F6C14490EF9D77365AD215FD765C5AE546"
"complete-reference-snapshot/apps/api/prisma/migrations/20260823062244_add_org_job_structure_masters/migration.sql","6074","0B51FDD2B2A4F828EB975EAF8A6DE4D480D7EE64D65D7F1276A539865389ADF8"
"complete-reference-snapshot/apps/api/prisma/migrations/20260823094127_add_employee_changes_and_exit_process/migration.sql","4323","686A74B19F3CF6C83F8BCDCCD5C65BB39135043254F917244A387DF707F39DF5"
"complete-reference-snapshot/apps/api/prisma/migrations/20260823095829_add_expense_and_loan_management/migration.sql","5071","1FCEBE0EDD054E938664112EE6DC0D04EC527EA0C3C1BDE05EAE5B8AA9A8DB97"
"complete-reference-snapshot/apps/api/prisma/migrations/20260823095901_seed_hr_expense_loan_permissions/migration.sql","1275","B3F14119E282B94CA32FB959D34DFD980FB0764293C1C35A49790FC6631EA978"
"complete-reference-snapshot/apps/api/prisma/migrations/20260823102334_add_recruitment_and_onboarding/migration.sql","7290","888CE887E23FF349F51A495A2227514ECC2FD19CAD1151CADB45B183C4BAF99F"
"complete-reference-snapshot/apps/api/prisma/migrations/20260823102401_seed_hr_recruitment_permissions/migration.sql","1018","E97B6BD1556DBA4C7C0372D742E3E4F80B4E6CDDBB252763FF922302096559B4"
"complete-reference-snapshot/apps/api/prisma/migrations/20260823192000_add_payroll_settings/migration.sql","1223","708213BF700829D195F0ECE00C66DA96368F3E541F138053FC757DB51D1674AC"
"complete-reference-snapshot/apps/api/prisma/migrations/20260823193000_add_default_salary_components/migration.sql","230","3260D57DA78F639AF7841DF2B638BABF77D13B66E16804CF026D3460CA09BBA8"
"complete-reference-snapshot/apps/api/prisma/migrations/20260824045914_add_party_and_item_created_by/migration.sql","806","8D781DFC47DBBD0354F98EED4B39BC4B91AD482B789771FBC1703A5EC56BAED9"
"complete-reference-snapshot/apps/api/prisma/migrations/20260824050000_seed_transaction_permissions/migration.sql","8079","C0FC6CE8C37E81936A28D75E4CA2D387A2BB106809B1D17D778EB1414AC679BF"
"complete-reference-snapshot/apps/api/prisma/migrations/20260825070551_lc_import_landed_cost_module/migration.sql","15912","3D7554C3438B89FAA4812ADC0DD641B422B74E6BB45993072CB3F2913D418893"
"complete-reference-snapshot/apps/api/prisma/migrations/20260825070907_lc_cost_head_recommended_mode/migration.sql","102","5AC38B81F36A3F280BCEAF3366A7B6CDB9EF5AF8625A9171F1FAB674A38B1271"
"complete-reference-snapshot/apps/api/prisma/migrations/20260825071500_seed_lc_permissions/migration.sql","1742","70C5486ACAEAA1103FE1FC2B828F04E025785591F00D6F8AA19D4B901AF61C01"
"complete-reference-snapshot/apps/api/prisma/migrations/20260825153000_lc_purchase_payment_state/migration.sql","446","7FB117818C0314219C0A4E34422C9733AA4FD4C4DF52FD2BC90934371FA9CC95"
"complete-reference-snapshot/apps/api/prisma/migrations/20260825160000_seed_lc_delete_permission/migration.sql","871","1D0C21D5C24A2F40DA11DD23F11BF3B3B2F5EEFE6E116391D5BEEF634FB5A411"
"complete-reference-snapshot/apps/api/prisma/migrations/20260825170000_lc_shipment_transport_mode/migration.sql","72","19DAD91BD8FC75CFE50938C56E21BEC5FD43575343FDABC38E764257DF429C98"
"complete-reference-snapshot/apps/api/prisma/migrations/20260826124500_add_lc_cost_entry_payment_options/migration.sql","137","9C21ACD9A9BAA5312B9128F6015FA7AE135C8CA5750351BA84354333097358D6"
"complete-reference-snapshot/apps/api/prisma/migrations/20260826143000_add_lc_mixed_payment_allocations/migration.sql","104","00E104A2233981AFC55107C4E11507AB5E04F803D66BD881338587F016645CE7"
"complete-reference-snapshot/apps/api/prisma/migrations/20260826150000_track_lc_payment_vouchers/migration.sql","65","EEC1229731D61C70F26B72CC8BFAC1196C8FCD9D97128A32F8ECBB5E09A3FF13"
"complete-reference-snapshot/apps/api/prisma/migrations/20260826160000_add_loyalty_points/migration.sql","226","FC2EBB289D88B2782F9A6C20B6C8D2AF34870BA1A03F328BAB8F6EEB2219522B"
"complete-reference-snapshot/apps/api/prisma/migrations/20260826163000_track_lc_cost_payment_voucher/migration.sql","66","EDB84ADB8926FB1692C0422BC4E52FA7AA21E11E93CC786EA4E06D56D1AE4D16"
"complete-reference-snapshot/apps/api/prisma/migrations/20260826170000_include_lc_payment_in_landed_cost/migration.sql","528","B3804DF2E10392287BE039429549A5B95C09E7F24F1AC1E9FF623E1D47B61F8F"
"complete-reference-snapshot/apps/api/prisma/migrations/20260827120000_add_warehouse_purpose/migration.sql","533","894750A68C36AFF48CE3F8218865F1082B917F357326052DF908AF858F5C24DB"
"complete-reference-snapshot/apps/api/prisma/migrations/20260827143000_add_lc_inventory_posting/migration.sql","1760","AB10B1163AC93166969677E1A59262F080DCD4F087331AD8047980E942488BC6"
"complete-reference-snapshot/apps/api/prisma/migrations/20260829113000_add_manufacturing_foundation/migration.sql","80258","BC45FE5F1EEA3E5F0E841E46D0BDB777589B8F9DE3F0CCC996E2D8C312AF1EDF"
"complete-reference-snapshot/apps/api/prisma/migrations/20260829123000_seed_manufacturing_permissions/migration.sql","3019","3FB4D713A270A3DEAD33977C7173B7D090E0A493A3A71EE59ADB6CDF7AD8E606"
"complete-reference-snapshot/apps/api/prisma/migrations/20260829144500_add_manufacturing_blueprint_controls/migration.sql","19780","6A7AA5ACE99989A510983DAB8201613F746BD22EAC8A5EAE4F8EA62FA508AF7B"
"complete-reference-snapshot/apps/api/prisma/migrations/20260829160000_add_party_contact_details/migration.sql","158","56B1FD24888095B47C78099348F821626E0A742DDA6F157A5F637F4AD323D653"
"complete-reference-snapshot/apps/api/prisma/migrations/20260829170000_add_party_detailed_address/migration.sql","205","1BCAC1BCB5D92C18682E9E5AAAF9BD2E28D6359B7A625E789011A04BB044764E"
"complete-reference-snapshot/apps/api/prisma/migrations/20260829173500_add_manufacturing_governance_records/migration.sql","1541","99B236E023910F8C06D6C80FBB27DA47BA0EBA70C06E77EA80CA97BD34CABC73"
"complete-reference-snapshot/apps/api/prisma/migrations/20260829174500_add_manufacturing_actual_costs/migration.sql","12346","24C52AE1ADE5A9140D48687FBFABADE376DDF880A8DABC802C72401932A38C7F"
"complete-reference-snapshot/apps/api/prisma/migrations/20260829180000_add_manufacturing_serial_packaging_release/migration.sql","14487","A873CCAEB1286252872F2D537E414CF0BE1CCC9FDBAE8A3E9389285ED9B881D0"
"complete-reference-snapshot/apps/api/prisma/migrations/20260829190000_add_voucher_round_off/migration.sql","950","0FAFE0F6E8AB1B8953609E8B55816935E33B379819D7F94AC4D663CD81330684"
"complete-reference-snapshot/apps/api/prisma/migrations/20260829203000_add_routing_operation_responsibility/migration.sql","417","37CA21D036C8EBBFA542FB04D2CCC4A8C6A56896352C3F035527624F35EE768D"
"complete-reference-snapshot/apps/api/prisma/migrations/20260829211500_add_packaging_material_short/migration.sql","298","12051B801BE4417690762E6BE4CAD506D114F919902B6EC3D7019D3F5835A7F4"
"complete-reference-snapshot/apps/api/prisma/migrations/20260829213000_add_manufacturing_document_reset_period/migration.sql","972","99ED40722EABABFF663938D35A010107DE1635F97FCDC72F90F27AB0EC919D9A"
"complete-reference-snapshot/apps/api/prisma/migrations/20260830110000_reconcile_manufacturing_integrity/migration.sql","10812","1F5D29272ED8004EBB4AF6D6A432C62A783390B7F83958291B6D485E21760E85"
"complete-reference-snapshot/apps/api/prisma/migrations/20260830111500_align_manufacturing_constraint_names/migration.sql","2332","8A7D71BB3D45246964C4DA029AB1FDF06FC9353185152C179EC98804D1DEF921"
"complete-reference-snapshot/apps/api/prisma/migrations/20260830123000_add_manufacturing_downtime_events/migration.sql","3912","ADB9B9C4189EED4D0265C681DBF0BC519084D3A47C7414721B221D4093875F6B"
"complete-reference-snapshot/apps/api/prisma/migrations/20260830143000_add_sales_manufacturing_lot_provenance/migration.sql","532","01CBF54C0B666AABA86BE6AAAE3D3ADF4E7CAA522C23F5BA429959B592813C33"
"complete-reference-snapshot/apps/api/prisma/migrations/20260830144500_add_manufacturing_lot_retest_due/migration.sql","184","45E59BB60AE2337C13A12435BC3580AC017B80DC95C1ABEECD7B61B4DD70722C"
"complete-reference-snapshot/apps/api/prisma/migrations/20260830150000_add_party_category/migration.sql","81","9804B6E80CD5BE56107252AE0108FC3D7C28E48E626C0112D8C518EC2E88B419"
"complete-reference-snapshot/apps/api/prisma/migrations/20260830175500_add_inventory_batch_expiry_tracking/migration.sql","754","8C9F31BADB644E34C5A853A45003E0775C6FC927CA939E301AADEC133B273904"
"complete-reference-snapshot/apps/api/prisma/migrations/20260830204000_add_manufacturing_workflow_orchestrator/migration.sql","48248","A918E18C11423BB8A42AE69D3DF21D791C00EAE8804F33439C3054434C5F3D4D"
"complete-reference-snapshot/apps/api/prisma/migrations/20260831143000_add_transaction_workflows/migration.sql","3848","A6E6723D5693C651CE0B164FABABECA06AD89BE9F03C68C2CB33402930A6D914"
"complete-reference-snapshot/apps/api/prisma/migrations/20260831170000_account_id_authoritative_voucher_lines/migration.sql","25579","653192E49CF83974CB20B2F19CEF39C73741086EDEB5BD381C12BAC8E84BF158"
"complete-reference-snapshot/apps/api/prisma/migrations/20260831180000_add_account_managed_roles/migration.sql","3789","CD34943EF2E76F7B9B583C9FF239FB12D2AB9032485531F665E673C766568F99"
"complete-reference-snapshot/apps/api/prisma/migrations/20260831183000_restrict_inventory_source_line_deletion/migration.sql","1195","F98ECCED82BE4C7D7244FCDC7329ADC1679DC94153EA568C25323D951568AE8F"
"complete-reference-snapshot/apps/api/prisma/migrations/20260831184000_enforce_voucher_line_account_identity/migration.sql","3924","A6CBF8EF990446A4733069818D977D5D0DF73BBEB12C60145602CF6ACAC90ADA"
"complete-reference-snapshot/apps/api/prisma/migrations/20260831190000_seed_recycle_bin_permissions/migration.sql","1414","D5504B19FF8CFB46D717FD47F42B0E5D67A869B565874BC03E06EB803D7DA6BD"
"complete-reference-snapshot/apps/api/prisma/migrations/20260901153000_add_manufacturing_workflow_v2/migration.sql","8038","B024CF9DAE71ED0960D5FD11017C857893E9FC158A54C11E659F0AA74DD480F4"
"complete-reference-snapshot/apps/api/prisma/migrations/migration_lock.toml","128","99836963713B4F5B269AD49AF0ED3D7B0B2E336115C2F92DC9AC683D139D0900"
"complete-reference-snapshot/apps/api/prisma/repair-protected-accounts.ts","7577","D6D6357A4FA4B9C41C94A8398A2F2384361E3A1FF9A9D571B3BC78AB9BFEF20A"
"complete-reference-snapshot/apps/api/prisma/schema.prisma","256137","8ECFD9F98D9DE06050FCE6E094DAA53107A456D488AEBF583C2985D3D512F455"
"complete-reference-snapshot/apps/api/prisma/seed.ts","15617","BE05B75894C2CD893627025574850B2EF831E145DDAC65323110B786ADB3E512"
"complete-reference-snapshot/apps/api/prisma/smoke-test-phase1.ts","6103","00DEED7505F70B05705DA1987FAC029DE5C21CDE6AE3EBAF29DAB3D00244FA69"
"complete-reference-snapshot/apps/api/src/accounting/accounting.module.ts","400","88A81109D4DC643947A374806C2BEB03A3DC408C5B588B1A5C78B5FB821DA4F9"
"complete-reference-snapshot/apps/api/src/accounting/accounting.utils.test.ts","20779","99CEE4DBA59F11129990756DF1EE2943079AB625C537A5E3A60D24B98BBF47B8"
"complete-reference-snapshot/apps/api/src/accounting/accounting.utils.ts","33012","EBEB9A47B4095ADA0CEC2AF4D45F2093564F9E72B9C7CEC8DFBD386B9263CE69"
"complete-reference-snapshot/apps/api/src/accounting/money.util.test.ts","1269","EDB94A7AA26690570474D2B0BF4DFE558EEACDFEDD1D557B6A35FBDC758DEABD"
"complete-reference-snapshot/apps/api/src/accounting/money.util.ts","3570","99156038ED88A8C4A7B535F51A187E2DD9B0A5565613C76A79363A1A452933D8"
"complete-reference-snapshot/apps/api/src/accounting/posting-engine.service.test.ts","14240","5AB472AFD94D299623F812C512999DED0D43DAC2F6DDC35AF4CB83E5DCEF806F"
"complete-reference-snapshot/apps/api/src/accounting/posting-engine.service.ts","20696","1E0DF848BADF44168D5DE904535258021ED3AB576930D70348FBD4B62DFB3EA3"
"complete-reference-snapshot/apps/api/src/accounts/account-code.util.ts","5356","50790EA0284F9F0229A2166961CC4833069CEAF92FB1653613D2228F6E3C1062"
"complete-reference-snapshot/apps/api/src/accounts/account-managed-role.ts","736","6822538E9630ACCF93E186600DF0EEFF7D6EBC57B922706C3E5A914D2D2158D7"
"complete-reference-snapshot/apps/api/src/accounts/accounts.controller.ts","5526","F104D571C143FF1AA1C6CF1CA8AC98F2DF1F3DAC0D28364281CB65B508855F8D"
"complete-reference-snapshot/apps/api/src/accounts/accounts.identity.test.ts","19707","A2AFAAC1AEB4132D2E03ECFE6887B876062B363F7910E113E171DDAC2DC2A4F9"
"complete-reference-snapshot/apps/api/src/accounts/accounts.module.ts","392","BCEC0A2D83C2DFB91ED07199C2C45BB402AFD26D7850D0CC1895357A534D7C82"
"complete-reference-snapshot/apps/api/src/accounts/accounts.service.ts","59490","31B4BBC957095046A946324057F7899F2EFA2C189DE9539B12E8FCAFB27D3466"
"complete-reference-snapshot/apps/api/src/accounts/coa-bootstrap.service.ts","18079","B4F64BF7C6A84136BE38346C86AE74AD57D477920F3EAE91CB4501776C0E05FF"
"complete-reference-snapshot/apps/api/src/accounts/dto/create-account.dto.ts","1147","FF20CC2B2F1F62B737649CA98DF2A7B77F521B968CDE1B7CE24E4645E2268125"
"complete-reference-snapshot/apps/api/src/accounts/dto/create-expense-ledger.dto.ts","379","AA010024FF68DCBD3F8A511BB1C8DAE014298FAAB0744CFEC388C829494DA22E"
"complete-reference-snapshot/apps/api/src/accounts/dto/create-ledger-item.dto.ts","216","7412241E93822FC43008CE4EEB5B49DEB623B83BAB229DC59BAD59B8E7E54D52"
"complete-reference-snapshot/apps/api/src/accounts/dto/reparent-account.dto.ts","151","72A81954744045BB59DC6821333F249507FA4261018D2C153ADEC79C58819DDA"
"complete-reference-snapshot/apps/api/src/accounts/dto/set-account-status.dto.ts","144","117824C649A7E91549D683144F10F6E2EBE8E8DFE79B7359BA81C120FE5F4816"
"complete-reference-snapshot/apps/api/src/accounts/dto/update-account.dto.ts","837","122FFC9FE0D3358E785BCDF8C1580841EA583B884C6E7647792360BB7D31CA72"
"complete-reference-snapshot/apps/api/src/accounts/dto/update-ledger-item.dto.ts","232","3428BA43B1658F49E1D7C58549CC3A92F5CCB252D968ED3E32A97A5FA80A63CF"
"complete-reference-snapshot/apps/api/src/app.module.ts","1971","D2FE0D957A1620180997F2487E44702C33318FB1DD5CDAF6E4F490CF5A26E8B0"
"complete-reference-snapshot/apps/api/src/audit/audit.module.ts","209","E1CA5216F85FCA57FD0599107F6E2F55F27A4225BAABA28B85E54D6A5D777F38"
"complete-reference-snapshot/apps/api/src/audit/audit.service.ts","2997","3A2AD985AAB359D1EB21CB7D6DB59E562DEAAF07422764A762AB2F058787F839"
"complete-reference-snapshot/apps/api/src/auth/auth.controller.ts","4512","F82C70543CE99622FC21FF0DE17874076A8554BA708BEA04B13B05F090D6FFD8"
"complete-reference-snapshot/apps/api/src/auth/auth.module.ts","481","7B88110B333806369F816CBF017A006A880D02F5B0755B72A4CFCB826C5D7AC1"
"complete-reference-snapshot/apps/api/src/auth/auth.service.ts","23873","2E4D71BF245A080ADD6D338BC7EFD4E3CC2400B6D0652A2C0FDDD6A60177CEE0"
"complete-reference-snapshot/apps/api/src/auth/dto/login.dto.ts","238","0CD1FF2EEB182F1DA40CD212A76CB415666BDA757B6D01457A4D972F21FA185D"
"complete-reference-snapshot/apps/api/src/auth/dto/signup.dto.ts","278","051544FB0D6643D078D260DAACBAC421F2EBA387243C7E4536CFDD2ECD6B3D77"
"complete-reference-snapshot/apps/api/src/auth/dto/verify-email.dto.ts","137","FE27CB7E0B650524437A8C48A5153DE40428E0DF7E466EAF0CFC2EEBEEBF0801"
"complete-reference-snapshot/apps/api/src/auth/jwt.strategy.ts","1835","1905677169D2D76F47D2FEE319C172E3602BE7620DB0A829DE154F045ECC4F5A"
"complete-reference-snapshot/apps/api/src/cloud-sync/cloud-sync.controller.ts","1511","AC9F927FDF4F7DA58083D7BC2D176B715BF857B25504F25EAA7F36099FD58E72"
"complete-reference-snapshot/apps/api/src/cloud-sync/cloud-sync.module.ts","371","2F50845C9131A234C19D964707132948491014384A475891AE2D5C5C51509B8C"
"complete-reference-snapshot/apps/api/src/cloud-sync/cloud-sync.service.ts","8120","8BF2695910D89F40DF261F871A0A74DC1F11B7E62AC02A0CC9E36FA0CFD400A1"
"complete-reference-snapshot/apps/api/src/common/decorators/current-user.decorator.ts","504","4118B6E20075E2751AB77065B920B92B53DFFCECC20FAB40AB65B6DED3F1F00A"
"complete-reference-snapshot/apps/api/src/common/decorators/require-active-subscription.decorator.ts","225","B428FFE36E554E8B4B5E1E970267EF88209E91F9CBE49531BAA62A9355F28137"
"complete-reference-snapshot/apps/api/src/common/decorators/require-feature.decorator.ts","209","AEE9BC9BB1348EACBC3F989AE52EF06F4B8E24C1FBAC2D882EFBB92420192C1B"
"complete-reference-snapshot/apps/api/src/common/decorators/require-permission.decorator.ts","227","75DB3332DA0EC8863E10180B747DE6C1CCE3C91FFE210B214C58F806D70354E6"
"complete-reference-snapshot/apps/api/src/common/filters/http-exception.filter.ts","2134","529247B86D612A6999A6354495B5A44BF11486146F9E9B850916919ACD621E57"
"complete-reference-snapshot/apps/api/src/common/guards/feature.guard.ts","1547","90064ACAB3BEBF956712F2C0811EA27B8C1B6E7E9B6736DC35ADB958AD4555AE"
"complete-reference-snapshot/apps/api/src/common/guards/jwt-auth.guard.ts","160","F49F1EAC20101DE4FD348AFEE6480CDC9081076426E549C9695017B910C64D68"
"complete-reference-snapshot/apps/api/src/common/guards/permission.guard.ts","1846","8AB20BEB16E27704151148B14BE383D8AE92C3A1289D60B525EFB0870AA65837"
"complete-reference-snapshot/apps/api/src/common/guards/subscription.guard.ts","1740","55F16B1B8642202F99A5776936601BED9918E61FE69CF5F39DF485BF12128B0D"
"complete-reference-snapshot/apps/api/src/common/interceptors/request-id.interceptor.ts","958","B5B3CAD30F5C547E6396C0FBE6B68EB8B09B792250187D8BA23631FEB99B088F"
"complete-reference-snapshot/apps/api/src/common/interfaces/request-context.interface.ts","670","7BE17FC8E6F5CADC4AFC9FD3252DC4B0B80E5FE940130C491D755A9B44B0E681"
"complete-reference-snapshot/apps/api/src/common/services/permissions.service.ts","1922","CA1D85F720CDBF31BAFAB8B0B2EFC56CF3B67E7C8E9E11AD0A2FAB8D68F733F6"
"complete-reference-snapshot/apps/api/src/config/env.schema.ts","3284","8B0329CEF82D21BD70756E6E2D354AE93B06F7D1283C956A5FD27B6321AE2E01"
"complete-reference-snapshot/apps/api/src/dashboard/dashboard.controller.ts","1430","72887EC98D8A6F38919E38FB044E6E40C42021E09F5338A5993FCF0DC812BFCC"
"complete-reference-snapshot/apps/api/src/dashboard/dashboard.module.ts","547","CCF6435CDE7788A89F4ED08E10FE92D164DC47F1F9EC53350E2C5384C084F89E"
"complete-reference-snapshot/apps/api/src/dashboard/dashboard.service.test.ts","12187","BBFC63104190EB3FAB5A156A52B91753961D568D430141004850BD13AA53543D"
"complete-reference-snapshot/apps/api/src/dashboard/dashboard.service.ts","20538","F1A7A0FE915EF1514FFF823A78BC3C913A5CA90490B800E233716FB6A1990134"
"complete-reference-snapshot/apps/api/src/fixed-assets/dto/create-asset-category.dto.ts","535","7A30328BFC5F5E42045E8C5950F8590087B597EC0F31ECC4EE85EC1EA9237A6E"
"complete-reference-snapshot/apps/api/src/fixed-assets/dto/create-fixed-asset.dto.ts","4075","787C6492C789B5EA0C2CC5FB1845A4E1DA0BEA3CEDA7F23AF1D70FCC183CDADF"
"complete-reference-snapshot/apps/api/src/fixed-assets/dto/post-depreciation.dto.ts","250","29617DE9E3E583824ECB69D5B37F45C28C13353F3D813EA1BFAF91646B6321B0"
"complete-reference-snapshot/apps/api/src/fixed-assets/dto/update-asset-category.dto.ts","516","73DC71906CF2B57682D488815C0DD5A48FB13EFDF09A33D01153E0AC5F21D102"
"complete-reference-snapshot/apps/api/src/fixed-assets/dto/update-fixed-asset.dto.ts","2088","CA5C1352F54E2BFF121CB8B5BEE2E06047363E6BA300A58EBEA0352C2C9DBFBA"
"complete-reference-snapshot/apps/api/src/fixed-assets/fixed-assets.controller.ts","3777","1C986B00D23D99D3D33B11C2199975EA0D3F7488983D4ED45396378FD8C06227"
"complete-reference-snapshot/apps/api/src/fixed-assets/fixed-assets.module.ts","669","E301C76EB5DAFBFE432E537F34F9184B567A667FF450E876B8FAE48E5C9F8E27"
"complete-reference-snapshot/apps/api/src/fixed-assets/fixed-assets.service.test.ts","14488","43BE1FA66FD6E5F4A2FF4FFD7B9E147959E0A29D8F41E6A87DEE26A0A39FC0CA"
"complete-reference-snapshot/apps/api/src/fixed-assets/fixed-assets.service.ts","52540","1BF7063F02185EE1AD9EAB9AFFD9388EA1E279FCE3C587B6EA46220F394E1BDE"
"complete-reference-snapshot/apps/api/src/generated/prisma/client.d.ts","23","D5EB5865D4CBAA9985CC3CFB920B230CDCF3363F1E70903A08DC4BAAB80B0CE1"
"complete-reference-snapshot/apps/api/src/generated/prisma/client.js","166","7FB2958626FF9BD585EC82AF0935A4F71E852A183A0345145B828E2A9C1FD44A"
"complete-reference-snapshot/apps/api/src/generated/prisma/default.d.ts","23","D5EB5865D4CBAA9985CC3CFB920B230CDCF3363F1E70903A08DC4BAAB80B0CE1"
"complete-reference-snapshot/apps/api/src/generated/prisma/default.js","182","773F2836A698A5FE850CF320D1F849CA04E620E9B47F05816683260CBA2B8B1C"
"complete-reference-snapshot/apps/api/src/generated/prisma/edge.d.ts","25","7378DD41401BA1ACFF435B9C317A5B919A3D38479ED3DBD4A25C8B4FD623A224"
"complete-reference-snapshot/apps/api/src/generated/prisma/edge.js","1489229","62F479DCB3BBE02454F53C8184E9E842CD44071814B8BD57D948AA095A016884"
"complete-reference-snapshot/apps/api/src/generated/prisma/index.d.ts","33209896","120A906494FCBB31F77DB888561DFEBCBC637655B36802F8424462217F6A4F11"
"complete-reference-snapshot/apps/api/src/generated/prisma/index.js","1489866","32A38508387E5C5E3F48949BA12EA1FBF127748E4480762E3A677125B1CC7AE3"
"complete-reference-snapshot/apps/api/src/generated/prisma/index-browser.js","108303","7107050A68556EEB8FADF15E66B5D5E9BA619BDCB08BE4E4124201401DC73FDF"
"complete-reference-snapshot/apps/api/src/generated/prisma/package.json","5309","6A3F22B09A91EE20E07E994B3E34AED69940615C664CD47563771D6E20005783"
"complete-reference-snapshot/apps/api/src/generated/prisma/query_engine_bg.js","16927","2B50B4328595B0FB99A73CFED34CF11FA8E56511DCC4FB808AF4516952448514"
"complete-reference-snapshot/apps/api/src/generated/prisma/query_engine_bg.wasm","2297601","B199ED8BF8F3610C20A3F7398B3CBB875F99B7D6565F4887FC0AF2B47DCEB30F"
"complete-reference-snapshot/apps/api/src/generated/prisma/query_engine-windows.dll.node","21182976","263946105F428384D2318DC3241B85B1C3DD98FBB1BFAC62D3E81F513AB35897"
"complete-reference-snapshot/apps/api/src/generated/prisma/query_engine-windows.dll.node.tmp12036","21182976","263946105F428384D2318DC3241B85B1C3DD98FBB1BFAC62D3E81F513AB35897"
"complete-reference-snapshot/apps/api/src/generated/prisma/runtime/edge.js","170771","88DD7AFEB92F0B3F60B666C26EAFAFB8899F262FF1D009C9A621F2F9D0617EF7"
"complete-reference-snapshot/apps/api/src/generated/prisma/runtime/edge-esm.js","170223","756FF8523F3027629CDC04C6DD5EE4371098A452F96014D18860530CEB0164D9"
"complete-reference-snapshot/apps/api/src/generated/prisma/runtime/index-browser.d.ts","11915","556CA4C51DF0DD6BDC52F3423A65108B044841195FED9B36BC4384849291E850"
"complete-reference-snapshot/apps/api/src/generated/prisma/runtime/index-browser.js","35462","1EBB5EFFBF49AE68F1CE58A13D6263212AB3F8F2F262A4D8A1D4322CA5C56A0A"
"complete-reference-snapshot/apps/api/src/generated/prisma/runtime/library.d.ts","129753","B845876DE475C230A1E012150DB8D2C2A62BD6835A93E8CD23EBB10F7DE16266"
"complete-reference-snapshot/apps/api/src/generated/prisma/runtime/library.js","202629","5A72B6F69474641F48A0F5FFEE45802DC939C6333467371EBBD9102353EB7AAE"
"complete-reference-snapshot/apps/api/src/generated/prisma/runtime/react-native.js","182663","18E18BD258FA7713148768CCA16ECF8FA18E2825C42FF25E788A711ED21EF1A8"
"complete-reference-snapshot/apps/api/src/generated/prisma/runtime/wasm-compiler-edge.js","206986","64A7364EC074C63B25B647CFBE2BDD484F79EFFA4EE6FB2E8F1DA7E6814F1A01"
"complete-reference-snapshot/apps/api/src/generated/prisma/runtime/wasm-engine-edge.js","147400","CE00AF0F9E8063937553C453F372C27EAF49C794CBD9F7F835B017855EB16FDB"
"complete-reference-snapshot/apps/api/src/generated/prisma/schema.prisma","256137","8ECFD9F98D9DE06050FCE6E094DAA53107A456D488AEBF583C2985D3D512F455"
"complete-reference-snapshot/apps/api/src/generated/prisma/wasm.d.ts","25","7378DD41401BA1ACFF435B9C317A5B919A3D38479ED3DBD4A25C8B4FD623A224"
"complete-reference-snapshot/apps/api/src/generated/prisma/wasm.js","685211","2FE0B7C702B6E6929F9C917563460A887ABAB2E5FAF13839A88EABFF3DF8E2AC"
"complete-reference-snapshot/apps/api/src/generated/prisma/wasm-edge-light-loader.mjs","184","48311A316DAAB3B1C21DD227B7277D03436A7D10D78B19B3B625CD25FFA1674B"
"complete-reference-snapshot/apps/api/src/generated/prisma/wasm-worker-loader.mjs","177","48B4F73D61FE341EA5B59F09059F730DFB600249985A64F0456508DD4C81B01B"
"complete-reference-snapshot/apps/api/src/hr/attendance-time.util.test.ts","832","EE0E45D22499E6B609D23DDD7B7E1FF979B9158CBA11D6CA0D11AAF32A6181C8"
"complete-reference-snapshot/apps/api/src/hr/attendance-time.util.ts","938","33AB4B218BCCDB4C8EDE4721AAC4CF88AE0EF5E2830DAA5324EC95F7326EDECA"
"complete-reference-snapshot/apps/api/src/hr/dto/calculate-payroll.dto.ts","1019","A1CEBD5FC436095971760F977B23F3667D74868C5E56B3591A03E512ECC9271F"
"complete-reference-snapshot/apps/api/src/hr/dto/create-business-unit.dto.ts","142","7B5FF70AA7CCCFB6D5785D37ECA4CE651115E0E817A8DFB21BE1E623BDF43479"
"complete-reference-snapshot/apps/api/src/hr/dto/create-candidate.dto.ts","361","15965D80DED7237F3D9857E3F58B65FDA3E753A2D68ADD67C18A46040D62E91D"
"complete-reference-snapshot/apps/api/src/hr/dto/create-cost-center.dto.ts","140","83842C3A93B7F1C5DE20E1AC168C868555801813CBA8D6E44C5D28F7E7FD0914"
"complete-reference-snapshot/apps/api/src/hr/dto/create-department.dto.ts","140","08361DBF177376443CEDC8DBC2F944961857BD115497E6C89DBAE51524999FD8"
"complete-reference-snapshot/apps/api/src/hr/dto/create-designation.dto.ts","141","EB7CB32CEE322E53F5A3EB747CB60C3F252C2522CAFBED4F596B62FB51BD52F6"
"complete-reference-snapshot/apps/api/src/hr/dto/create-division.dto.ts","138","38F377E37BF32A8EA62C956F2DFF571FA8EFCA449DBB4B62EA34DDF40541D817"
"complete-reference-snapshot/apps/api/src/hr/dto/create-employee.dto.ts","2629","5A2CF96ED07CDAB4837A3C98843E60F8FDF3F7509CDA9A78ED6B95B79D4129F7"
"complete-reference-snapshot/apps/api/src/hr/dto/create-employee-change.dto.ts","682","9D03507DA2A59E50A1F75CE5A5B69C05A55CDFEBAE81B6A4FE6B440148307DBB"
"complete-reference-snapshot/apps/api/src/hr/dto/create-employee-loan.dto.ts","480","8FDB944718F31BF99BA6D7EE776709181E110BAC37B1308F908466243FEA0990"
"complete-reference-snapshot/apps/api/src/hr/dto/create-exit-process.dto.ts","456","857DC4A0FC4ABC7D7DA5861B717C857F8BB17E6EC56ED5AD959E40023465400E"
"complete-reference-snapshot/apps/api/src/hr/dto/create-expense-claim.dto.ts","513","11EB29D71B02450A8D5D703E35D1D1D5F5A15BBA1142CA03A913AFFB8D31D998"
"complete-reference-snapshot/apps/api/src/hr/dto/create-grade.dto.ts","200","93DA440110033DC6EF05F7472280910AF11CE19F5094B0A841692530A98D21DF"
"complete-reference-snapshot/apps/api/src/hr/dto/create-holiday.dto.ts","273","ED0F46A822AF8F612DF758B86A97299E219E76C535F0CA61A7A6BE5561F92C9D"
"complete-reference-snapshot/apps/api/src/hr/dto/create-job-application.dto.ts","221","73CB2B422C83ADF20059C890B319E649A2836E2CC59BBB4BC119BB3E45461CA5"
"complete-reference-snapshot/apps/api/src/hr/dto/create-job-opening.dto.ts","401","B141D3011CE8583E749F75C8C2764DB576BAFDF0544386DD7705E12CF798789F"
"complete-reference-snapshot/apps/api/src/hr/dto/create-leave-request.dto.ts","343","3AB67769E963BC8A0CF704B3F8A64C8D859A7BC20BC7BA05C48F50FECC492A3B"
"complete-reference-snapshot/apps/api/src/hr/dto/create-leave-type.dto.ts","226","29A7FE3C25388A2D6E70655C8969031FBF474BD259B7285AC7F8165796454B31"
"complete-reference-snapshot/apps/api/src/hr/dto/create-loan-repayment.dto.ts","283","F674C3687AC9C8461CA66925694EB18855F6D7A1E3701512CBCDDF76C34463DB"
"complete-reference-snapshot/apps/api/src/hr/dto/create-location.dto.ts","138","F8C2F78DCB18ED33E7113EAAE2B95865C28090399DD3DD7C5B63EC4EA74A1407"
"complete-reference-snapshot/apps/api/src/hr/dto/create-shift.dto.ts","767","2180B883C5FEF30EF9F875683F94B7C2647B6D5C00736405C139C8C5195B15D6"
"complete-reference-snapshot/apps/api/src/hr/dto/decide-expense-claim.dto.ts","143","AE6189CABAB7A18AFD2E99B0B3E5EFF6355EA9BB531C77328662249B167E79D7"
"complete-reference-snapshot/apps/api/src/hr/dto/decide-leave-request.dto.ts","143","A30971A57F5FF48A4D258BAE578B2AD0EFC082E3501D2A7CDF1D767E726BB4E5"
"complete-reference-snapshot/apps/api/src/hr/dto/import-attendance.dto.ts","1758","B4D576CF0AB31A8E2CC9CE042201A661D45FC92501B03CE65FA04554C0E9E960"
"complete-reference-snapshot/apps/api/src/hr/dto/salary-component.dto.ts","222","285F0CF5FA7CC98559F5FF4E04364FE1E06135B7BA653914CF41AF9385BE9748"
"complete-reference-snapshot/apps/api/src/hr/dto/update-employee.dto.ts","2784","6E3EF5B2A5B135C1214E36047BA3C224A98C50BCE6F767F9DDB6E4CA9AE0B050"
"complete-reference-snapshot/apps/api/src/hr/dto/update-exit-process.dto.ts","1040","4F62AC0A2D119FF1FA44175506C24087E7BD556EA5876694DB6321314D5AF73E"
"complete-reference-snapshot/apps/api/src/hr/dto/update-job-application.dto.ts","978","7608FAAC922D70AF69357BBAFA0FBAC144FD33EBF36D23A3B13B061C83B54B56"
"complete-reference-snapshot/apps/api/src/hr/dto/update-job-opening.dto.ts","605","D8F23D9FFC19C7676C3C825DD88330CCAD5FF663EB87F85D56D9A02B00AF6BB2"
"complete-reference-snapshot/apps/api/src/hr/dto/update-onboarding-checklist.dto.ts","764","36B14720F91B77E2D479394A0314B63B0E9547125FF33158292129316165CD12"
"complete-reference-snapshot/apps/api/src/hr/dto/update-payroll-settings.dto.ts","628","543E615D8D8009431DCAD9E32A2A44CD3FA90A495E39236AA8828D3D17641CE4"
"complete-reference-snapshot/apps/api/src/hr/hr.controller.ts","21452","79F977BE0A78DBCB33A0093A53DC866891D882881E2BB6C8B33904671741A61C"
"complete-reference-snapshot/apps/api/src/hr/hr.module.ts","344","266357CDC28426D1B91095DC350BD2DF90DD9E2A7594DC7CB3914AD4CF70A851"
"complete-reference-snapshot/apps/api/src/hr/hr.service.ts","78717","B0172EA69B03C8236E8F69B49A7E6404983963C5AE44C1F747E07BC8751D5AEF"
"complete-reference-snapshot/apps/api/src/inventory/dto/warehouse.dto.ts","1480","65F5B54FCA57F48BDE51A9D91431C7788741FE343D243FF523CAD887BF4C8294"
"complete-reference-snapshot/apps/api/src/inventory/inventory.controller.ts","2930","F852F472945C2F75950DE71ACC8F706DE85651F40DB7FDE466303365B4038169"
"complete-reference-snapshot/apps/api/src/inventory/inventory.module.ts","459","9A63DAA7106F336AE008ED00ED8EC85F53682EA2EDF56D0F0D8FAB665DA37A03"
"complete-reference-snapshot/apps/api/src/inventory/inventory.service.test.ts","112517","71A3E7F268E49DC80912EBD2D1F2A1290C096256403F88256CBD077F9887CC83"
"complete-reference-snapshot/apps/api/src/inventory/inventory.service.ts","133341","9F3F67D28623971507F40C09F904EA4028741A4E1326979D4EB515A385BA1643"
"complete-reference-snapshot/apps/api/src/inventory/moving-average.test.ts","19836","438645D6EC088AAD159599002CB9A36402E7476C680E4CED8DA9DF95756C0C81"
"complete-reference-snapshot/apps/api/src/inventory/moving-average.ts","31392","6E1B0B461C0010C11581339251B2CEAF2403C9C78DA6121FE8E3A56E7D73F41E"
"complete-reference-snapshot/apps/api/src/lc/dto/create-cost-entry.dto.ts","1954","89C958C8516F61DEB0B24C75D759A20122503E6940976B3FCBC5B0BC44CB2D1B"
"complete-reference-snapshot/apps/api/src/lc/dto/create-cost-head.dto.ts","982","73934D97B7AE60523386259B055C9D009FC576BA4572AB549818923985B40719"
"complete-reference-snapshot/apps/api/src/lc/dto/create-grn.dto.ts","728","F34CF47E76ACF749AD3893C0C4D70578C111332751645A0F97FE9D57643F6667"
"complete-reference-snapshot/apps/api/src/lc/dto/create-lc.dto.ts","2779","D02C7FD7ADDC503184BD2B680ABD016C4AA2263EDBA9B321EA197BC10EDA62EE"
"complete-reference-snapshot/apps/api/src/lc/dto/create-shipment.dto.ts","673","411FC0C5283F604E0F9B861B0C96D46721309F46C87DB404FFE7B296508B59E8"
"complete-reference-snapshot/apps/api/src/lc/dto/post-lc-inventory.dto.ts","946","0F9DF2A92A1A14DE416DEC709F9D42463C5C8FA3AB3EB0B3FD59AF27BD725A2E"
"complete-reference-snapshot/apps/api/src/lc/dto/reopen-lc.dto.ts","117","EC28710D27767619C20BA74D4FB542BC350F181B92B1F47B85C86CAC2F1F436C"
"complete-reference-snapshot/apps/api/src/lc/dto/save-allocation.dto.ts","1056","BBA6E9BE5E0F36E52410A5F3ECBF641367CEE9AD8B27D452DC440C7C92441C62"
"complete-reference-snapshot/apps/api/src/lc/dto/set-lc-status.dto.ts","366","EC23C2EA705C3B13AC5B046F97CAA4D3E8B8A091376476F76DF06946256B014F"
"complete-reference-snapshot/apps/api/src/lc/dto/update-cost-entry.dto.ts","1213","5CFC81D5A9333405A65E5361B2C1DC2501B803DA9243FD754D10BA1EC6405F0E"
"complete-reference-snapshot/apps/api/src/lc/dto/update-cost-head.dto.ts","663","9C11E8964387654616A78D1642E847A40AD3C965CA218CC805953F5C1211E2F2"
"complete-reference-snapshot/apps/api/src/lc/dto/update-lc.dto.ts","2125","CC89DA411D0902FB17352AD110AD1A7DB55244372A04EBC9090F8D6A65BCF02E"
"complete-reference-snapshot/apps/api/src/lc/dto/update-lc-profit.dto.ts","498","353A9FF60DFA6D06D3D54B20CDC659A9294AA3C1656AE5351ABEFAC98526956E"
"complete-reference-snapshot/apps/api/src/lc/lc.controller.ts","9992","12F7E268CF9F5FDDA4DD9E0DD2E0DC3C893A3B37CA4DE3DAD9CFC77833C53FBA"
"complete-reference-snapshot/apps/api/src/lc/lc.module.ts","749","BA4A65108D460DAD6408A06F102DE56C0F8A7B19CC92EF6EBF975342005B6E8E"
"complete-reference-snapshot/apps/api/src/lc/lc.service.test.ts","16191","5D261749A0118ED119FB7E5F8EE6E5A4A4F206D14BBEC2756C50082B50646400"
"complete-reference-snapshot/apps/api/src/lc/lc.service.ts","116875","2DC4224433FBE1DA9A494835019C6D799986C542BC7746691D7454A500F66E0E"
"complete-reference-snapshot/apps/api/src/lc/lc-allocation.util.test.ts","5135","439DB3C277B7E62B6673D373CDEAF0C9CEE2E7DDDD8C84B1F9891A04FAE6CF10"
"complete-reference-snapshot/apps/api/src/lc/lc-allocation.util.ts","5642","6CABD69A8B2234E0A89C86E2CF18935D3405DAF79987E800E09CC35ECA9C0307"
"complete-reference-snapshot/apps/api/src/lc/lc-default-cost-heads.ts","2836","D53C58F86250AC064D4008950B9D8413548ED44BFD2CEE34508D25BF450D648E"
"complete-reference-snapshot/apps/api/src/lc/lc-money.util.test.ts","1046","B40760F3F349BD4CD8348345CEDB27CB32749CB01705CE435522CB58E1415B1E"
"complete-reference-snapshot/apps/api/src/lc/lc-money.util.ts","1390","1B1468A208565387AEA73F7D8D1E064823B711938285B857A66CCB3F2676AFF3"
"complete-reference-snapshot/apps/api/src/main.ts","6533","BD5D6F4CEFB428D8C412BEC5303BC9097C7550A0A10AE9AF93620A19ABCEC48B"
"complete-reference-snapshot/apps/api/src/manufacturing/domain.test.ts","39392","9DD0ADCAE6D0268FE43F274575A89E4C334FA2CE17695C3E812B173D6FDAA249"
"complete-reference-snapshot/apps/api/src/manufacturing/domain.ts","48309","B83611E5501979112839BA2450B9CB1BCC5BC9CE45883CE7F92B560C1F6ADB1A"
"complete-reference-snapshot/apps/api/src/manufacturing/manufacturing.controller.ts","6093","CA750C5A58304B2CC6204AAC476035B911128F456A22E523C9A874C39EEA8ECF"
"complete-reference-snapshot/apps/api/src/manufacturing/manufacturing.dto.ts","8827","5D3B42C2F9800F8B6A97CB0C81F216218AA26BB1DB492E085145C2AE63BFF5F6"
"complete-reference-snapshot/apps/api/src/manufacturing/manufacturing.module.ts","3921","2167A18A80FBF2C49FBDF9DB106F16C07E9A61FCF5B5641D6842559034CFEEAF"
"complete-reference-snapshot/apps/api/src/manufacturing/manufacturing.service.ts","422230","549276DEDA00784A3793227FF097775A24C9D5B87670AA15CB954201AB782BCE"
"complete-reference-snapshot/apps/api/src/manufacturing/manufacturing-action-approval.service.test.ts","22157","B5B4D104E862149C42D3E3D059B1133AEA0CA5F7F90452F66C7A61DA91929100"
"complete-reference-snapshot/apps/api/src/manufacturing/manufacturing-approval-workflow.domain.test.ts","2808","AA4A11A689708C3869C4BDF609808B3680725167E6C8C0F1F96481E90FECA678"
"complete-reference-snapshot/apps/api/src/manufacturing/manufacturing-approval-workflow.domain.ts","2595","F3002F4348E9F8CA8F034F0ED275F1D5D8EED4D1C52826748EB1475BFCB51B3D"
"complete-reference-snapshot/apps/api/src/manufacturing/manufacturing-approval-workflow.service.test.ts","11341","9CEEE9BB4D8E197D35C6E7D723348B1E92683941A9600496D14D7F7D295B6A10"
"complete-reference-snapshot/apps/api/src/manufacturing/manufacturing-approval-workflow.service.ts","10283","E2775378434FC2AC7396CAA3B110CF3C65AE849F9CB45170F99E3BBC727DADC1"
"complete-reference-snapshot/apps/api/src/manufacturing/manufacturing-blueprint.controller.ts","9810","23986465B7120CE43E4BB6BA8BFD220D0AA23F2B7B614D9CF4D1B7A76E0C931E"
"complete-reference-snapshot/apps/api/src/manufacturing/manufacturing-blueprint.domain.test.ts","9180","875466B431010C4ECAEF7D254A3B9E4BA0657004A0363EC24BD636B8C3889E94"
"complete-reference-snapshot/apps/api/src/manufacturing/manufacturing-blueprint.domain.ts","11005","022125557BEEB3FBC12BD69A2FAADC4E73B7C3B86B45C882EE9CEDB9CF96F645"
"complete-reference-snapshot/apps/api/src/manufacturing/manufacturing-blueprint.dto.ts","13462","F71AF2EF65BD1E8306DFEEB19804BBD8A7168E438CFB2C40DFAEC1B7D9016F09"
"complete-reference-snapshot/apps/api/src/manufacturing/manufacturing-blueprint.service.ts","96748","26EC285C342262CDA1E9D77525A9169FB6F965D8D473AA886C195D4962B4C2FC"
"complete-reference-snapshot/apps/api/src/manufacturing/manufacturing-bom-hardening.service.test.ts","37996","F9452E24306C3F9A4A0231585BF1D65C7365073E34049278E37219AD0E0C1E03"
"complete-reference-snapshot/apps/api/src/manufacturing/manufacturing-close-safety.service.test.ts","8046","6D5A45AA9EBA80BD620856841B62958DEE83017400EFFA90D4891D044747473E"
"complete-reference-snapshot/apps/api/src/manufacturing/manufacturing-cost-report.controller.ts","4313","BFD364102623ACD53DA1D6310AE6CE600AA7CEEC790F54E51BCA9F399AE3D046"
"complete-reference-snapshot/apps/api/src/manufacturing/manufacturing-cost-report.domain.test.ts","1886","BDEA434B2440395532084A197EA6D5A0A6C61054F329BDB1A2C6B33EDD5CC490"
"complete-reference-snapshot/apps/api/src/manufacturing/manufacturing-cost-report.domain.ts","7081","53F77A25BDC02C5437557D2354D0CF968591ECEAC4A86AF97099325258E16022"
"complete-reference-snapshot/apps/api/src/manufacturing/manufacturing-cost-report.dto.ts","4070","91A73C227A62E4C9D302C9687C855160632BCC071825B9A9E971E676FB7AB365"
"complete-reference-snapshot/apps/api/src/manufacturing/manufacturing-cost-report.service.test.ts","17931","68981CAE948EF9C5FB31FDD841EEE71827491A3B1041CD5C142A43A6374B337D"
"complete-reference-snapshot/apps/api/src/manufacturing/manufacturing-cost-report.service.ts","151536","182C0B6646F4A05A81887019A78AF7EE1A560D8741106EF361633000D43808DB"
"complete-reference-snapshot/apps/api/src/manufacturing/manufacturing-document-number.test.ts","5005","9C8C1BEA51FDA407D3719874ACF210720151BB937007B1526A98BDAD38267C28"
"complete-reference-snapshot/apps/api/src/manufacturing/manufacturing-document-number.ts","5538","EFC3F88BF3FC7D426156308948CF3215EA0DDA186CDEB22E5A9ED7C13809FC98"
"complete-reference-snapshot/apps/api/src/manufacturing/manufacturing-downtime.controller.ts","2286","3A0D7CE17B9F2A1910C9F7E6C29250C2307215F9014A7A479B8DC2397C8ACF8E"
"complete-reference-snapshot/apps/api/src/manufacturing/manufacturing-downtime.dto.ts","1697","7398C487B86204A0DEDD3257BDA3CA701801939EF5FBC493D491930F2890E892"
"complete-reference-snapshot/apps/api/src/manufacturing/manufacturing-downtime.service.test.ts","14968","42251776AEEA42A2E1A1D71F5C02F6E99E946EB958B6A9224AB260EEB6B784C8"
"complete-reference-snapshot/apps/api/src/manufacturing/manufacturing-downtime.service.ts","27661","0A8A9616790AD049051D1E32A4B12B059EA2E88B47181D09F1C58FC4C4C17F0B"
"complete-reference-snapshot/apps/api/src/manufacturing/manufacturing-electronic-signature.domain.ts","1502","FDFBAE9432EFC65F72FC2D4E1EA4B163CAE156CA44D67C60577DF6ECCBC80540"
"complete-reference-snapshot/apps/api/src/manufacturing/manufacturing-electronic-signature.service.test.ts","5754","782A6BD86ABCA3F1713522F81F088CEBF4101DBBFB6A8C8F8F4FB30F805334AA"
"complete-reference-snapshot/apps/api/src/manufacturing/manufacturing-electronic-signature.service.ts","4618","37CF21BEBBDEFEE051F300A8B1A6D1143F63945ED2CEEC60EA850FF8DCF4F7EC"
"complete-reference-snapshot/apps/api/src/manufacturing/manufacturing-evidence-attachment.domain.test.ts","2429","972CEC2C3099372B671A39727D098A27CD1BAF572CC1DB88B65FFB669716A9B7"
"complete-reference-snapshot/apps/api/src/manufacturing/manufacturing-evidence-attachment.domain.ts","7233","E453AB0438976542DE7CEBAF245789D31E6D69EB47D20D9627B6BD03D404A585"
"complete-reference-snapshot/apps/api/src/manufacturing/manufacturing-execution-transfer.controller.ts","1521","160AFF93AFF5B06D003B8C6C02B10784DF3A135CDC0C0C48CDA5B333E1814B14"
"complete-reference-snapshot/apps/api/src/manufacturing/manufacturing-execution-transfer.domain.test.ts","3744","7E81960859DFFB1AB61FB53BCA5726B0593A83D3262421219F6714D2E6F56E7E"
"complete-reference-snapshot/apps/api/src/manufacturing/manufacturing-execution-transfer.domain.ts","3648","B8E8E12D62EBECD4C956A9923366F19BBDD31923EE2E647BA8A1A3406FD85C96"
"complete-reference-snapshot/apps/api/src/manufacturing/manufacturing-execution-transfer.dto.ts","1048","E182363AA080FF5B9A4034EFD81C35BF9009A0A4F06DCFF64C1B19A0A6A0CD03"
"complete-reference-snapshot/apps/api/src/manufacturing/manufacturing-execution-transfer.service.test.ts","19384","EB32EF02E20F1B04A286307E041D9D30BCCF23D1DFC15B86FDFA496F55D6A52A"
"complete-reference-snapshot/apps/api/src/manufacturing/manufacturing-execution-transfer.service.ts","44600","58831FE32CBDABE7ED9D89616B9A2658717372A148E6FD9847F565EC6B78F922"
"complete-reference-snapshot/apps/api/src/manufacturing/manufacturing-governance.controller.ts","3393","146A64D7FD1C39C05798B89CAE390C0FCDDE21227E946FA0A2544DE489B9A46F"
"complete-reference-snapshot/apps/api/src/manufacturing/manufacturing-governance.dto.ts","3100","92E42B47FFC7D5EB12C1B583FC7B02BE8650814997C90863D99FC0E4B7CB7D4C"
"complete-reference-snapshot/apps/api/src/manufacturing/manufacturing-governance.service.test.ts","16424","EC844ED56889889BD48CB4C0DFAB552AEF18CB02960B924F8F7CFC7D235BDC3F"
"complete-reference-snapshot/apps/api/src/manufacturing/manufacturing-governance.service.ts","56261","30AEC7DCED951D29143E52B845AD7DF794FCC5E25D4A9B4B7710EEC8FEA34325"
"complete-reference-snapshot/apps/api/src/manufacturing/manufacturing-in-process-quality.service.test.ts","13552","76004448EDC4BC83ECFA85C2801E9A75540B5C7CA0F7E80358A27E2EBD08AA6E"
"complete-reference-snapshot/apps/api/src/manufacturing/manufacturing-material-exceptions.controller.ts","2136","1413C8E015722A1956AF7C6EC37E33B9CC2CD57E5EB947090620756AA0BB273D"
"complete-reference-snapshot/apps/api/src/manufacturing/manufacturing-material-exceptions.domain.test.ts","5640","3CE4F6E2799C017B8F26B7586C3121B65F607839C884232354A457F7C68F674F"
"complete-reference-snapshot/apps/api/src/manufacturing/manufacturing-material-exceptions.domain.ts","5125","112E2C04C773167B6C85AE81839283A88B14A5F5D8ED259135F68568EE0D6B21"
"complete-reference-snapshot/apps/api/src/manufacturing/manufacturing-material-exceptions.dto.ts","2022","41B93E13B651F9F11403D5F562D0E7A2D3AA074EB1D19F5C835AD036F5DA0F73"
"complete-reference-snapshot/apps/api/src/manufacturing/manufacturing-material-exceptions.service.test.ts","15299","552A5F898EFF9918CDC9648FCD82F02ED2CF4F8D56AD631103D9D287CF254B12"
"complete-reference-snapshot/apps/api/src/manufacturing/manufacturing-material-exceptions.service.ts","66456","49DF2ECF32B1D0CAC44C898B21498117A911D78327CEC542F448036D213C0488"
"complete-reference-snapshot/apps/api/src/manufacturing/manufacturing-materials.controller.ts","4657","63C75284023F4C9B9A52F45277AF38FC3AE5F93F15B7584FF50572D98018E955"
"complete-reference-snapshot/apps/api/src/manufacturing/manufacturing-materials.domain.test.ts","5550","D08EEA03FC0A6770C12D6934361D605C338C09559E59BE06BB70F615F45A83EC"
"complete-reference-snapshot/apps/api/src/manufacturing/manufacturing-materials.domain.ts","6185","63A9A3CB392BD962B6E919C928154E5A4C003C75C8225799DB31CE7AF8550B16"
"complete-reference-snapshot/apps/api/src/manufacturing/manufacturing-materials.dto.ts","3938","40093D07FC2FFE339C4B5620A7E1C4E95D38D4B6A9DD4DF01DC74387368DAF77"
"complete-reference-snapshot/apps/api/src/manufacturing/manufacturing-materials.service.ts","95209","22B4C6B48F8BC998A619ECB03CB9ED190A401DC1FA949407176C73B0D1772DD7"
"complete-reference-snapshot/apps/api/src/manufacturing/manufacturing-material-staging.service.test.ts","17798","79B11C1EA519812B86AC96FB9E7A2D350BE9A22E95B637B67FE7286433DB8CB5"
"complete-reference-snapshot/apps/api/src/manufacturing/manufacturing-material-variance.service.test.ts","3875","9DC437F9F3B1F17CADABC236A5457F70B12DB328C819D62688FC91487EE6D69A"
"complete-reference-snapshot/apps/api/src/manufacturing/manufacturing-material-variance.service.ts","4518","1B123221F345AE727012FEFB8270080043C398A89F37532F364D01BD83F3035A"
"complete-reference-snapshot/apps/api/src/manufacturing/manufacturing-operation-completion.service.test.ts","19183","487DE73A6E7900A27DE8A3A12B5EA59BF3EED5DDB591EA3DAB90F826434732BA"
"complete-reference-snapshot/apps/api/src/manufacturing/manufacturing-operation-disposition.service.test.ts","22799","908D40630330B56E2C392F310C90D99DB0067470B4F2566630BD02C83F41E7C9"
"complete-reference-snapshot/apps/api/src/manufacturing/manufacturing-order-controls.domain.test.ts","6398","76CE81DC572ED8DAA31F7D337119995BD72BE6C20A7123505CD10E0E815C3EEF"
"complete-reference-snapshot/apps/api/src/manufacturing/manufacturing-order-controls.domain.ts","3021","D444FBF1FCABEB2A513E3A979B21D1E65C40897511BAEA0C5F27876526973D6E"
"complete-reference-snapshot/apps/api/src/manufacturing/manufacturing-order-lifecycle.service.test.ts","13029","AACB8A9E863C961C6341188FD306C329FC0469C18362DE87ADA3632341AAF0D8"
"complete-reference-snapshot/apps/api/src/manufacturing/manufacturing-packaging.controller.ts","5399","E02E9AB1C4243D051F19DEB9EFAC2CC02BC7F3488344F6912BC508186D0A696B"
"complete-reference-snapshot/apps/api/src/manufacturing/manufacturing-packaging.domain.test.ts","6513","03CE0A9ADEF20D096CA622677822EBCF2E800BE606394051B213D3F70393CC51"
"complete-reference-snapshot/apps/api/src/manufacturing/manufacturing-packaging.domain.ts","11079","7FF188221031E8AE8EC3E859B095F07CE57027EA15890CCA373610968B87B1C9"
"complete-reference-snapshot/apps/api/src/manufacturing/manufacturing-packaging.dto.ts","5329","04651E8098209AAB269F64F69AF7C6486687FE131A8DFCFB34F1FF3D773DBCE4"
"complete-reference-snapshot/apps/api/src/manufacturing/manufacturing-packaging.service.test.ts","39117","37F3B083092B3A22725A4925571CFEAAD7383628469CE5B19B42D8CCFFB390B6"
"complete-reference-snapshot/apps/api/src/manufacturing/manufacturing-packaging.service.ts","107432","EEE15DED8ADE3F18E2207C92552FE8443AF65C7D6DB40FAA6125DCB599D448EE"
"complete-reference-snapshot/apps/api/src/manufacturing/manufacturing-packaging-release-policy.domain.test.ts","5123","35332807A5170DD9C622D092BB8595995A3686CF9D9C77A5B48BD880E7A6DDB8"
"complete-reference-snapshot/apps/api/src/manufacturing/manufacturing-packaging-release-policy.domain.ts","6331","D7C245E6D7EBFF2E825B87579C89D8E5CEA01569DF327CCA4C66098747B94F78"
"complete-reference-snapshot/apps/api/src/manufacturing/manufacturing-period-scope.service.test.ts","2243","EFC99EC90576C63ED07FCCB3AF2D9F19FB654F95D5BA65A20E49933822845A78"
"complete-reference-snapshot/apps/api/src/manufacturing/manufacturing-planning.controller.ts","8047","179F35931CED9888D1EFFCBB9496976A15A0FA1585B550C989F35D8E1D1AE73A"
"complete-reference-snapshot/apps/api/src/manufacturing/manufacturing-planning.dto.ts","7980","A1B39A4E6F2D33A4A1308D336EA4D6C87DCFA2C2854DE27CA3B0AA5725F83BC3"
"complete-reference-snapshot/apps/api/src/manufacturing/manufacturing-planning.service.test.ts","26541","744351F52B6678A82BB9EA13F1087D39407D58CB90E40F34DF745BBA4FFD0F6A"
"complete-reference-snapshot/apps/api/src/manufacturing/manufacturing-planning.service.ts","139868","F22EB65D4A3C2C8F8AD49FB4AFC2685AF39A39868FE2E89B550492D22966A3E5"
"complete-reference-snapshot/apps/api/src/manufacturing/manufacturing-posting-acceptance.service.test.ts","27688","0307A616BBA5C878470889D47E977FE091618C725C200C5CFF7E36211BA3D837"
"complete-reference-snapshot/apps/api/src/manufacturing/manufacturing-rework-close.domain.test.ts","2349","0329D826D96E0E0EDD80CF1E2232DCC23B4175339D85CBCC906A7642645AFEFC"
"complete-reference-snapshot/apps/api/src/manufacturing/manufacturing-rework-close.domain.ts","2691","74B1A0C598AC6E93F729DCCA519BA996DD1B5B9B04C28C6AC85E356C4C3EF366"
"complete-reference-snapshot/apps/api/src/manufacturing/manufacturing-settings.service.test.ts","24990","DE0C9936A6CC542CCF1A7ADD17F436B67BBB6623BB83C736E2018660F4E47A2D"
"complete-reference-snapshot/apps/api/src/manufacturing/manufacturing-status-configuration.domain.test.ts","1837","9B578DA04A63A3134B4E9031ACC4573C01BAD5A3412D3C9E656DB7A5A5665540"
"complete-reference-snapshot/apps/api/src/manufacturing/manufacturing-status-configuration.domain.ts","1930","E33B12136EC7968B987D885DCF6DECC4D7D327C3D3B58AAD3A7EDEE43BB207DC"
"complete-reference-snapshot/apps/api/src/manufacturing/manufacturing-transfer-location.service.test.ts","4006","8F6E4243FCAB65DFA1F51091A6AF03F08544343F7D46A3EF050CE9545639DF6C"
"complete-reference-snapshot/apps/api/src/manufacturing/manufacturing-uom.domain.test.ts","3249","AA5B61D4F8EBF8D86B9BC187449EE0414FF184846BE72338802874AD57AC669E"
"complete-reference-snapshot/apps/api/src/manufacturing/manufacturing-uom.domain.ts","7742","7D4A3860D29C0FFBD137564E30CB4546FDCB795A35B138A895973A8A8BAF28FB"
"complete-reference-snapshot/apps/api/src/manufacturing/manufacturing-uom.service.test.ts","10687","992B3F1C97908F0B0ABABA34B14AFB91601E71DD14BE90066CECD50E8B57EBF3"
"complete-reference-snapshot/apps/api/src/manufacturing/manufacturing-workflow.catalog.ts","24376","021F6AB79F2D508DA432AB04CF1BB698163D966CDB49AB80576B11F250F37942"
"complete-reference-snapshot/apps/api/src/manufacturing/manufacturing-workflow.configuration.service.test.ts","8704","786753BC1DF5C5673FDCA0E0D14AB78549A189E1BC95C58BB63FF3962B29F14E"
"complete-reference-snapshot/apps/api/src/manufacturing/manufacturing-workflow.controller.ts","4582","5D8DC504FE1935E1AA58E92A80FB3938F0F3F04E6640CE610A260CABC080BDB3"
"complete-reference-snapshot/apps/api/src/manufacturing/manufacturing-workflow.discard-empty-run.service.test.ts","5090","8E750D7F25D00720D16F9702C0D0A5376004A6882BEB3F03AA988384C08E5839"
"complete-reference-snapshot/apps/api/src/manufacturing/manufacturing-workflow.domain.test.ts","14355","B6CAF7E384A8D262C53C9177123A1FB79C6264D28E09ACED60DAF5111DF54FE8"
"complete-reference-snapshot/apps/api/src/manufacturing/manufacturing-workflow.domain.ts","25241","C0554634FDAD907D3C5D5390580C6A80C72397C60F3207C2BC3F452C59E55129"
"complete-reference-snapshot/apps/api/src/manufacturing/manufacturing-workflow.dto.test.ts","2293","D37F166E4D48173038DBC8D595A6A1E6B4A75EAA6AA92F7C5809291BF9EC249F"
"complete-reference-snapshot/apps/api/src/manufacturing/manufacturing-workflow.dto.ts","3377","2BA08A89099442267BF52520ACDF4C63601C23AC020CDA3939CBF82A9CB3BFEA"
"complete-reference-snapshot/apps/api/src/manufacturing/manufacturing-workflow.migration.test.ts","8119","B79F4CB29710150DC0DC555CA173EB7CC2AFA86AC30A7A425EBC7DD463B5FB1E"
"complete-reference-snapshot/apps/api/src/manufacturing/manufacturing-workflow.na-policy.service.test.ts","13139","07B4946EE97B262BCA82FF423CDDC99A2DF3DEA6E13376C56D67DBF00C4A04FB"
"complete-reference-snapshot/apps/api/src/manufacturing/manufacturing-workflow.occurrence.service.test.ts","18344","BA8D416D75A5DE912847725F1146F317B190892CEFAC5039D67F6A007BA56BEB"
"complete-reference-snapshot/apps/api/src/manufacturing/manufacturing-workflow.service.test.ts","63175","EFFC8A49C8992CADE95DD48F8B1E98C6952BDA2869D96B0BCAD414D3D69CCE4D"
"complete-reference-snapshot/apps/api/src/manufacturing/manufacturing-workflow.service.ts","170468","8B327CE31B2CB7449E3951CA0B21720A0FCD58CC634806005DC4FD45E4EC54DB"
"complete-reference-snapshot/apps/api/src/manufacturing/manufacturing-workflow.start-run.service.test.ts","28724","ED96C74CA2D84782CE4CF3A83CE7D1D4FCE993FDE7189A03179AA540A1972382"
"complete-reference-snapshot/apps/api/src/manufacturing/manufacturing-workflow-review-permission.service.test.ts","1475","2044EE7C6A46DD6E4CCB54FBBC86EB7C2F1CD9B3442BE396E1FD21AA1EFAF3B8"
"complete-reference-snapshot/apps/api/src/manufacturing/manufacturing-workflow-source-safety.service.test.ts","7640","4E3271C093EE630C2177764E38832F62F52CA64D01EDBF225C71BCF05CAF1CDB"
"complete-reference-snapshot/apps/api/src/manufacturing/quality-specification.test.ts","3978","6B8815E017A8190AB62AD47C56D2FECCC2628A1CE26F7B32BBA8DF20958CFCC9"
"complete-reference-snapshot/apps/api/src/manufacturing/quality-specification.ts","12718","557FF0306BE9143F91E4158EAF61EB8386939276C428BC4CF14D5EA41A847E33"
"complete-reference-snapshot/apps/api/src/masters/masters.controller.ts","9999","E7F8200CAF543F02FF223CA94323737596B6328FF51E3254BA7DC424A5F1F37B"
"complete-reference-snapshot/apps/api/src/masters/masters.module.ts","660","EAF66EB3946CBCEC9A3519C10D2FDE260D3A75ED3A78E39DE190499F1D185F87"
"complete-reference-snapshot/apps/api/src/masters/masters.service.ts","71933","1B3D832BEE31CAC792C86AFAD096BE69F606D63124AC3FDAA7972A2586FB0AD8"
"complete-reference-snapshot/apps/api/src/masters/party-account-sync.test.ts","9500","63F1FDD355E38BA5FBB43D4647C8B5B31B510A0F33E734114CC5C8EE93A11FA8"
"complete-reference-snapshot/apps/api/src/masters/party-account-sync.ts","13465","470A86844501A7BD0F06711C00C6EBEDF6D25795C0956DEA9E7171FF0325EDBD"
"complete-reference-snapshot/apps/api/src/onboarding/dto/select-business-category.dto.ts","288","56525B4C97FB6C20B7425E4B1F6E97594B360ADCF2A0FCE58A1D9386CA64024A"
"complete-reference-snapshot/apps/api/src/onboarding/onboarding.controller.ts","1289","B1562CE35BC4D114C53F1D0D779EAC1177458B88495BA38E961099E2331C8151"
"complete-reference-snapshot/apps/api/src/onboarding/onboarding.module.ts","368","40F02C05107515B0B00D6CCE8FF76DC1AD4E147FBC8619E8C6315035366D9050"
"complete-reference-snapshot/apps/api/src/onboarding/onboarding.service.ts","14806","B07CBACCEFFAF99FE7348489C68A25760E4B49ED1E44E427DB590D0FF1155605"
"complete-reference-snapshot/apps/api/src/platform/bootstrap/defaults.test.ts","4311","1B274EA7351B771E434CD3CE02D5DBB78B3FDD29C8788CDC6DF8C0CD12327CAA"
"complete-reference-snapshot/apps/api/src/platform/bootstrap/defaults.ts","30343","33B87E5DEB96186D4845B6F89D25316421F591C872C0837D1C4D1773EC19F777"
"complete-reference-snapshot/apps/api/src/platform/bootstrap/seed-accounts.test.ts","5188","594B8CAB1EA029D77B3BCF564AE5A4D43B443B00141A2C9AE09217451658A150"
"complete-reference-snapshot/apps/api/src/platform/bootstrap/seed-accounts.ts","5475","7805E177DE86D7ED248541BDDA6B6E1B6E728C63737DD8DB86A7398A907E8CD9"
"complete-reference-snapshot/apps/api/src/prisma/prisma.module.ts","214","9AFED49C0B11BAB8924C763EB50FDF909F397B1FF0463AD8206A7EDE00F87D05"
"complete-reference-snapshot/apps/api/src/prisma/prisma.service.ts","608","D7545D55DC769B6C19788853D7A16ACDCFC37C7AE84D6D1ACE81E312BDEA52EF"
"complete-reference-snapshot/apps/api/src/recycle-bin/recycle-bin.controller.ts","1758","DFB12913BFCE6FF0862D9BE40ED52FF5C9AF38E925DA1D685519D9910425B5BB"
"complete-reference-snapshot/apps/api/src/recycle-bin/recycle-bin.module.ts","410","FA6C78FA9E0E0002B3FBD53F5E017ADF9F05B9D0D9A74EDED2629444A76A9B72"
"complete-reference-snapshot/apps/api/src/recycle-bin/recycle-bin.service.test.ts","11403","8E6C67E6B3C11AB41CBF1F16B205D2D638ACD052BF39A474BE5FE846105F8997"
"complete-reference-snapshot/apps/api/src/recycle-bin/recycle-bin.service.ts","30017","CCC8CF1083DF482195F67EE5DB45C97383B7240A012EF3960DE33CF6E58714D7"
"complete-reference-snapshot/apps/api/src/redis/redis.module.ts","209","75E3802EB7CC1A94DF29908B5A8D2E5A8A585322B93CAAC50B9C6B1C76D46F00"
"complete-reference-snapshot/apps/api/src/redis/redis.service.ts","2216","6C2B59930CC75F5F593C019E126AFA494320700C2B56EE53D83BF9571980A7DA"
"complete-reference-snapshot/apps/api/src/reports/reports.controller.ts","2197","5F7B0E66B526A486C6800A27C090413BEE2D587003C105525643B150F09C723A"
"complete-reference-snapshot/apps/api/src/reports/reports.module.ts","384","E20922AAE8EE99495FFC5309D593486EA5F86C9D67D60E6DE077CB409C4A32D6"
"complete-reference-snapshot/apps/api/src/reports/reports.service.test.ts","6961","D4410C8C09BCD4DBB148241239F50E952F22A5D13BBFB0BD46F05B736DC04779"
"complete-reference-snapshot/apps/api/src/reports/reports.service.ts","26314","85CE9C16BD6AB70D1B2FF30692713139C37303A8B6348518D7A4BC6938629C8B"
"complete-reference-snapshot/apps/api/src/subscription/dto/request-upgrade.dto.ts","248","0C4CDE5761F90A91C9DCA743188C90BAE59316917498C151468AE894DD3F1CB9"
"complete-reference-snapshot/apps/api/src/subscription/subscription.controller.ts","1059","5395B9413C27A866EBA1CED4612EE8A9D8B53266B9395CA9880D969E126BBFEA"
"complete-reference-snapshot/apps/api/src/subscription/subscription.module.ts","304","09F088BFA157691E2B429733892AA8372E06F3C7621EB84A90C6B53283887E1A"
"complete-reference-snapshot/apps/api/src/subscription/subscription.service.ts","16777","2A67D04AB7C2FD4A1ED44364C3A34D61B630D7FB21075AAA37314665D732913D"
"complete-reference-snapshot/apps/api/src/vouchers/dto/create-voucher.dto.ts","4242","05C11D073229AEB89A047157A59B481BE50576FF8D7AE5DB0F726968021A8859"
"complete-reference-snapshot/apps/api/src/vouchers/dto/list-day-book.dto.ts","601","67FB93695803EEDAFED17F721AAD2A111DA1C2D726DFFD208AF615D981F4B6C4"
"complete-reference-snapshot/apps/api/src/vouchers/sales-invoice-allocation.test.ts","6714","ADA3773D8229AC205CF3C51071CC9D0B1DE769B635114CB9A8F29F86839875DD"
"complete-reference-snapshot/apps/api/src/vouchers/sales-invoice-allocation.ts","13350","C285DC8B664A35543584D4677C62A32D375AB475FE5F01DED9DF4EDECB736555"
"complete-reference-snapshot/apps/api/src/vouchers/vouchers.account-id.test.ts","4322","A16DF17A0C01EE7938017EF10C5264D7AAD5876673649FD193C9343E0F259A42"
"complete-reference-snapshot/apps/api/src/vouchers/vouchers.controller.ts","4075","9B140406F2795D43FA3D2096F3F39090445ADE0CA1396CB03ADA3BB7117524C2"
"complete-reference-snapshot/apps/api/src/vouchers/vouchers.hardening.test.ts","32682","76E717A11F8E86AF1047E4EAB8F41F4CCBEA4B48DC8932304A15C3313B2C06A3"
"complete-reference-snapshot/apps/api/src/vouchers/vouchers.module.ts","757","07D3C26A6D78C581F24F0FD7742A6BEA5374CA884DC5BD4776341D2D8683986D"
"complete-reference-snapshot/apps/api/src/vouchers/vouchers.service.test.ts","21034","4D6CB3BBFD610E27EEA34F8AA7A4F7F230707A6BB6250389EBDA022FD07D7969"
"complete-reference-snapshot/apps/api/src/vouchers/vouchers.service.ts","130071","0808AAF31EA3C9830841CACC90D39946E20F57D56FAA8BE019980DE2E94AE8CB"
"complete-reference-snapshot/apps/api/src/vouchers/vouchers.workflow.test.ts","16345","E666C4F462CFD2B750D741B3F0671BE4CD0E24EBB203BF59D45E200E8AC69157"
"complete-reference-snapshot/apps/api/src/workspaces/workspaces.controller.ts","6075","19943E0D8D3D823C75313CF9BCFF6EF7A33A85FA0719D9EE58238E90096D5876"
"complete-reference-snapshot/apps/api/src/workspaces/workspaces.module.ts","322","35E55445C163B36ECAC48C28CCB09AD50967221DBAEE092616B409CCFC321B31"
"complete-reference-snapshot/apps/api/src/workspaces/workspaces.service.test.ts","6586","1A6322C0D5662EEBA93E8914DAD8261A6F5775534AD015644FF5F05032E75BC0"
"complete-reference-snapshot/apps/api/src/workspaces/workspaces.service.ts","39972","DA50BAECFF8E04804CC1E6AD13B12C9454CDE6A69BB5B4657A0F7F00CC23EE1D"
"complete-reference-snapshot/apps/api/tsconfig.build.json","183","78AF6DCCCB310305E09346739D864731017AB9201194CA6DD8545930390B8B7C"
"complete-reference-snapshot/apps/api/tsconfig.json","647","5E9FA4A0A2F684BBE534AE19F9FA0B28116BC2F716450CD540640C720DDB02DB"
"complete-reference-snapshot/components.json","385","DC30EDFE1E3E73356CDCD20251BEC07E7AF45AE89D42DAC381F38E7EA403F68A"
"complete-reference-snapshot/eslint.config.mjs","1788","0C0666553CDCDD52E73CCB5CD162C6D53D0E4E66EACCB0D6C0453CBA36AC0F38"
"complete-reference-snapshot/next.config.ts","1908","FD6597F681C905080912A9ABF947BCDBD0B02BE2270FD672AA70B09F950951DA"
"complete-reference-snapshot/package.json","3905","15306BFAF1134A41AE4656A1B3059B3FB43BF7936E39213C68DBBE1F19A655C9"
"complete-reference-snapshot/playwright.config.ts","945","81662B1853A3BC136DE279C5C74A685CBCA6CDCED410509CC4BB85A8CACA0E43"
"complete-reference-snapshot/pnpm-lock.yaml","231840","53954D38FD9BB6AD82F8033F836355467DECBAFDFE5F06B8D6F2618C9BA56929"
"complete-reference-snapshot/pnpm-workspace.yaml","196","8901C656F5A46C0F09CD12562D83846BBAB7CDCAA58A5A3954EE7577FFC6500B"
"complete-reference-snapshot/postcss.config.mjs","70","5B0BC4C78BE977CD81F947FB5563AAA7CC6D451E6F1C53A3260B7656A7144D20"
"complete-reference-snapshot/src/app/api/exchange-rates/route.ts","2090","2B430F26DF66570D073515241614FDC2837EAB64CE69204FBE5B430E61902705"
"complete-reference-snapshot/src/app/app/account-classes/[id]/page.tsx","275","1E368D2E2324EC8E96456A1C47DB7065BDB66F1B434B9841E9C1BBE95155A16B"
"complete-reference-snapshot/src/app/app/assets-management/page.tsx","178","444DEEBC8755BB260B7DCBE14F5E85625F12F901FC0BCD508AA38A4A73C7FF0B"
"complete-reference-snapshot/src/app/app/company-profile/page.tsx","170","F7F5E2BA93336A2AF1C45B21A5089802DCB53917151BF1CD3468C0B5B0955BF5"
"complete-reference-snapshot/src/app/app/dashboard/page.tsx","149","64B815221511813022682033C4E2C439B233C9584409F19E2FFE579DFE69509A"
"complete-reference-snapshot/src/app/app/day-book/page.tsx","142","167D908F00B78393357639E6B4D3D2A0B65C1172E0EA7F188099944A0DBC2BE8"
"complete-reference-snapshot/src/app/app/layout.tsx","416","74E263621CC6601730BBBF6896E0DE29323E29E43458CA8307DDA98697DDE074"
"complete-reference-snapshot/src/app/app/lc-management/[lcId]/edit/page.tsx","254","9B5C960C8AD867297CA7480E7D36953A579E9D7EFC338D001BED5F6E127F77AA"
"complete-reference-snapshot/src/app/app/lc-management/[lcId]/page.tsx","244","7669D2C21380361B61607192BFE75EF13D007065C375085A0FC326E6C02723B0"
"complete-reference-snapshot/src/app/app/lc-management/cost-heads/page.tsx","403","3DD3AD9191ABA1123216E7F0FDDB28F1ED50B67C36F72D1F47B30A8B673E22B5"
"complete-reference-snapshot/src/app/app/lc-management/cost-posting/[lcId]/[costEntryId]/edit/page.tsx","347","6CA098EE43EB443EC5A1C55CC0E478EA0ABB9846BBA246AB033F444C30036830"
"complete-reference-snapshot/src/app/app/lc-management/cost-posting/[lcId]/page.tsx","264","510A836B48FE59B88B6E7BBE1343CD579A3D5E5D1F2585C92A843F8A7BD66741"
"complete-reference-snapshot/src/app/app/lc-management/create/page.tsx","410","C9F4709FAFB499FBE6FE38A2C8478ACF6334706DE3E41913852395DAB3C7E7B1"
"complete-reference-snapshot/src/app/app/lc-management/current/page.tsx","144","B0D9090AB5C73BFB0ACFB66E455B390E932AAF71512AA6EF3D7416D552927565"
"complete-reference-snapshot/src/app/app/lc-management/dashboard/page.tsx","171","653E83866D887C4EB0148C3812D740B37FBB6075C465BFB63EDB00DF19E8CC51"
"complete-reference-snapshot/src/app/app/lc-management/page.tsx","147","BFACA0DECC4383A52EEE6F5E251EB2A353ACBDC6215DE3F5592DDCD7BEA48E11"
"complete-reference-snapshot/src/app/app/manufacturing/dashboard/page.tsx","198","013D16998E62049B9F3FCCA45F3275372306F70AFCCD21BD271668BF030E0072"
"complete-reference-snapshot/src/app/app/masters/[slug]/page.tsx","261","00BD017092A09B93D392192C4D5AAA72FC021366DC4A063C345879E8EC0088E4"
"complete-reference-snapshot/src/app/app/masters/customers/page.tsx","160","1EF113318AFB62DB717CF9FD9043555755E10AAF5036C44CC9F65557E6EAD0BD"
"complete-reference-snapshot/src/app/app/masters/loyalty-points/page.tsx","182","996A8FEB5BC35F96CC361C709761EB8D295B4FDE879707D4B0EBB6A51E8116BC"
"complete-reference-snapshot/src/app/app/masters/suppliers/page.tsx","160","0515EBBE8CEC170F2EDB873DA5DF204DA90FADBF448A0E62121AC1E8EEE7057B"
"complete-reference-snapshot/src/app/app/payroll-hr/page.tsx","150","90BF7DFEE86E86B5B334689B02D7E1ED69652B500D50A80BEAB887E9FCFABC2B"
"complete-reference-snapshot/src/app/app/payroll-hr/run-payroll/page.tsx","154","B69FA6E0FC47754069E2669ACABA5244C93C076448356ABD4E228C0F1BC7FFA2"
"complete-reference-snapshot/src/app/app/payroll-hr/shifts-holidays/page.tsx","170","41842153A282DC2E42B7908FA55827D629ECB02A5146A22B3AD29F4FD83CA7B8"
"complete-reference-snapshot/src/app/app/purchase/[section]/page.tsx","471","0B226F5AA7F3E7D3A89A6C9696632C8F646D96FC1157751DFD29B4E60C8F4E61"
"complete-reference-snapshot/src/app/app/reports/[slug]/page.tsx","261","5B5965F7852B8621615312197787A832001C93AA24064FBA1AF8CA32FE5EE840"
"complete-reference-snapshot/src/app/app/reports/page.tsx","132","FDE069020EA68AE12CA36FBFA6D060C14FB051438ACC7F8034F66424A12A46A1"
"complete-reference-snapshot/src/app/app/reports/profit-loss/[detail]/page.tsx","312","17615F705E32F20CAB8166E2BDBCBA1334676D54550B25F96407B771364657A2"
"complete-reference-snapshot/src/app/app/reports/trial-balance/page.tsx","182","1514A9D6D806BE1F2B1E746642038A369C2D3625F4469E81797D0F6ACF5BA0A3"
"complete-reference-snapshot/src/app/app/sales/[section]/page.tsx","599","7F347F138F7C232B874ECD7E21904E7B3CCE21788D9315093A639177D77CA27F"
"complete-reference-snapshot/src/app/app/sales/revenue/page.tsx","195","E4CCE56525A92C6BCFD0BE970BA2F1E892772E62D9599DCF11AB1D43DB5446D9"
"complete-reference-snapshot/src/app/app/search/page.tsx","137","A0C41310F000FA137AD5B8648A27A88ADB2314D7D7592F58E593A9A221B0CEB4"
"complete-reference-snapshot/src/app/app/subscription/page.tsx","161","5505D533A0E94AE450C6EC901BEA4E7D0F021D2CF4BD389E1253B282BFF9FCD0"
"complete-reference-snapshot/src/app/app/utilities/[slug]/page.tsx","264","9D5F284BA5C151EBAF6BE971434615E58A1532A6CC4665668FC885FFF9C432AC"
"complete-reference-snapshot/src/app/app/vouchers/[type]/new/page.tsx","327","6852A70E4C46D9180A76E919841F338D7B34E3E46A2EBC07D2EC9BCF5E58BD31"
"complete-reference-snapshot/src/app/demo/(shell)/company-profile/page.tsx","171","7EED295D0261B7FAEE7521A5CC433DB822292147EAD3FCE841C613E8A568B58A"
"complete-reference-snapshot/src/app/demo/(shell)/dashboard/page.tsx","150","8476D9F712BA175712FFEB20D98AF33FD8A7BDA9AADB0BFE226CB4C831D61810"
"complete-reference-snapshot/src/app/demo/(shell)/day-book/page.tsx","143","39DEABDF69295F3A8ABF980BD222C6DC1D112E186DF05F66294997CD95FBB824"
"complete-reference-snapshot/src/app/demo/(shell)/layout.tsx","428","A94925AA7CB07616FEF324A12C3A8CF21C1553C9FDBF7B8D74B5573FBA4A20C6"
"complete-reference-snapshot/src/app/demo/(shell)/masters/[slug]/page.tsx","262","B001F0341577600AB99A8AB2A39EC243BDFD1219D286AF2D6CC32E4672ADB6FC"
"complete-reference-snapshot/src/app/demo/(shell)/masters/customers/page.tsx","161","A60F6E20BB74DDBCF340F55945C4BF22794486CE4CAF44F3B8C53F25DBAB900B"
"complete-reference-snapshot/src/app/demo/(shell)/masters/loyalty-points/page.tsx","184","193DFE78184343C3CCF7B53A40C64A32AA6AF5D2309F6950EC874C657075A9D8"
"complete-reference-snapshot/src/app/demo/(shell)/masters/suppliers/page.tsx","161","C8FB25A7D1FA3EBEBBBECCA871A22C7201246743A32D88A808A1B9B119296019"
"complete-reference-snapshot/src/app/demo/(shell)/purchase/[section]/page.tsx","472","363339C1B1972C37D0178B11D5DAC6711D65AA9658D2E2940C6866DD3A4D90BE"
"complete-reference-snapshot/src/app/demo/(shell)/reports/[slug]/page.tsx","262","7423BD9A7B2C3FCE47104B1E5870F196F8245BC9058DEE394C2BDC9A232E4DEC"
"complete-reference-snapshot/src/app/demo/(shell)/reports/page.tsx","134","D3A3B1B7C841A11F9366DA8EC1F2CAB3F0066880E8AA040B96D8A0EF5205D28F"
"complete-reference-snapshot/src/app/demo/(shell)/reports/profit-loss/[detail]/page.tsx","316","F2C65AD99BDF48399D91652A12E97ECA8EE2A54D8A45B2E3B53E8C6B533F7AA9"
"complete-reference-snapshot/src/app/demo/(shell)/reports/trial-balance/page.tsx","183","D491593B88795C78295312052231FB79F6FAD3A46FFE70C15484E6A05F64753C"
"complete-reference-snapshot/src/app/demo/(shell)/sales/[section]/page.tsx","600","D5507BF0CC27DCA30C46030CFE152B595525975F1834D53B66336DF817202654"
"complete-reference-snapshot/src/app/demo/(shell)/sales/revenue/page.tsx","196","9226AEC770414FD26ED733B97EF44D5CFA4DECBF0CE6F4126209890CC66A1CE2"
"complete-reference-snapshot/src/app/demo/(shell)/search/page.tsx","138","A5305DD02AF91AAF687CBD09BBA62E05E28880580A873DC539C5227BDF50F2FD"
"complete-reference-snapshot/src/app/demo/(shell)/subscription/page.tsx","162","B6B174B08709082632159D80D8FDDB85F0323DF05EEB1A03F9F5F956CB4F9D96"
"complete-reference-snapshot/src/app/demo/(shell)/utilities/[slug]/page.tsx","265","D8824D5AC5FED1FEB843974976349FE98773EB0CF3DF1B28AA890AFDCF3F9F0A"
"complete-reference-snapshot/src/app/demo/(shell)/vouchers/[type]/new/page.tsx","328","B03760066EAA2D03C49A47C1B59E71C7D69E158A5110029C06765085C4624BE8"
"complete-reference-snapshot/src/app/demo/layout.tsx","271","C58653A3C8292E760FC5C0E1898DE45F4EA950476A0858A7CF12C3734E25227B"
"complete-reference-snapshot/src/app/demo/login/page.tsx","312","3FE2B22C8760D1381E10BC5A3E5041A66BFA2C059C4A18CE659875BE30A479BD"
"complete-reference-snapshot/src/app/demo/page.tsx","313","1F65C326A79EC1A97660CDDEDF630E0034DBE7017DF74E0D5D7FA33A2108CFAF"
"complete-reference-snapshot/src/app/demo/select-workspace/page.tsx","169","CCB9287A0FB1DFD9A4C72609EAB8D0823987AAD2AD377E99C21EC94F5A0EC370"
"complete-reference-snapshot/src/app/forgot-password/page.tsx","354","FC9718CA8909D69FD52E84BFE931A87113BD802579BF8C024084944E0AE33FD3"
"complete-reference-snapshot/src/app/globals.css","74032","BB079C87BF199A33D1FBB758510B55FECD5D1D02DFCA58A61074E57B29CACD9D"
"complete-reference-snapshot/src/app/layout.tsx","530","DDAAB21AFC724AC9BC52AB5884E413386E5EA14025E771B55FF2683B7843F526"
"complete-reference-snapshot/src/app/login/page.tsx","202","DE9CE40C3F14CA15B6FAEBAA35566E717C7E04D310DDE52EABFACA24E30412AD"
"complete-reference-snapshot/src/app/onboarding/page.tsx","150","464FBD810EA48F25DC560264E45389E9D52D860D9EEB53156FAB81B428F712E3"
"complete-reference-snapshot/src/app/page.tsx","195","C9A132D2D88FEF1FAB511CEAD7CA31E29EF1AF19221514959E61CEDB03AFED98"
"complete-reference-snapshot/src/app/providers.tsx","1663","FE39BF0803939541C6524E05630669A1905C4BC9ECF46D78AE357EF22C739C77"
"complete-reference-snapshot/src/app/signup/page.tsx","340","0A3F3D56B138C1F1EB35041C213BE063DBC1356491C46F21B6EA1F6FCB65489B"
"complete-reference-snapshot/src/components/shared/app-date-input.test.ts","2009","9D40D2202DDFFEFA7A5C364D1826E5F56F6D564FDACBCC38F37967A992BE19BB"
"complete-reference-snapshot/src/components/shared/app-date-input.tsx","8288","C183438713266A535BC3A7A878B3D90CAAC2632F1DDA76293A69019FD7150840"
"complete-reference-snapshot/src/components/shared/app-date-time-input.test.ts","1028","1C15E3B7EDB176A57711C33A070BFFA2CB004CB0BA4B2889BBF453874EB320E9"
"complete-reference-snapshot/src/components/shared/app-date-time-input.tsx","4485","CA22C69CA561A7EFCDD3E3B32F98847A7E64DAC2654E235B3069043EEF5BA8E9"
"complete-reference-snapshot/src/components/shared/bank-illustration.tsx","2017","EDBF584274A397E46D51FDE5861A14B7FCC1B32948E31E1A3446F55E75A1D406"
"complete-reference-snapshot/src/components/shared/brand-icons.tsx","3186","17ADB195D9405745FB99617A11485361E0B47A1BC0BAA348604C7AD55C254800"
"complete-reference-snapshot/src/components/shared/collapsible-search.test.tsx","1575","526B7AC8484B05A79128B43AD1B9C376330FF6B46E698CA26E1BC315E3FED1EA"
"complete-reference-snapshot/src/components/shared/collapsible-search.tsx","4260","3FC9A04ED0CEB64519D131B6F79DC9A46EAFFB5D34DE20DCC536C6565A4C9F19"
"complete-reference-snapshot/src/components/shared/confirmation-dialog.tsx","1640","E4C6AC6CD15020927F451C2D4995DD893A6D41C69159F897AC5D024065D26F6A"
"complete-reference-snapshot/src/components/shared/date-format-consistency.test.ts","1832","469E0750304835502BADC1065A777C5697B6CD9E64E90E0EA24800300B3ED548"
"complete-reference-snapshot/src/components/shared/empty-state.tsx","931","ABCEECA95FA3287BF16C91B8405DE9F5279DC4DF161164E460FDE619F5E38537"
"complete-reference-snapshot/src/components/shared/error-panel.tsx","795","4D02C3124082823AD0F04C6C18EFA2E3861F3B93F8BA0C8886BDD7BD3EA6A0C2"
"complete-reference-snapshot/src/components/shared/hr-empty-state.tsx","2265","7129041E355B203BB1B47E4C8FBCD23997D9D7E2C8FAC6098C2193B121A061E2"
"complete-reference-snapshot/src/components/shared/invoice-document.tsx","7794","5D265BE0875E1AD554C0A7FE035DF051AE3EBA1CB112B7CCB7EADA5E172F86EB"
"complete-reference-snapshot/src/components/shared/lc-empty-state.tsx","1960","CFEAF1DB89C4CCCCF5DC2C7A1A3E386A070BAF75B62464C7AD4A195F5CBC6016"
"complete-reference-snapshot/src/components/shared/loading-panel.tsx","345","1EAF982B2DB80E5EC8F38D26B139E86698F88DBC4A861D07D85C3335D0D06C22"
"complete-reference-snapshot/src/components/shared/manufacturing-empty-state.tsx","2520","B9153A8575BDD04BE6193AF53BB152F4F7F50D91EFE437EE9FE11671C5DE6DD0"
"complete-reference-snapshot/src/components/shared/master-data-readiness-guard.tsx","5666","88FA1A3FA5ECFEEE820589F256BAD6790B2D5594B379D4F94A89CD1BD91A4317"
"complete-reference-snapshot/src/components/shared/module-coming-soon-illustration.tsx","2944","4E9883A39950866EFFABEEB3B2AD8D32C87F13C3788B4F952EF880B69B2BE6E9"
"complete-reference-snapshot/src/components/shared/money-account-selector.tsx","2029","46B82B882344BB9268E8BA43334DEBC89D4E7AADD78DF98FF5867C2660B81C32"
"complete-reference-snapshot/src/components/shared/page-header.tsx","642","37A69C339253F4FCC638F6FF44C698CAE6141221629198229C9F8426B29AE320"
"complete-reference-snapshot/src/components/shared/table-pagination.tsx","4017","5D11A48483CB8652929CC2C5969F29AF46D44998C37D3C94A2F46473D6782D19"
"complete-reference-snapshot/src/components/ui/badge.tsx","577","837180F59D2BB5F96CC733BDB47665A7277372039D4E792306E375A300D88007"
"complete-reference-snapshot/src/components/ui/button.tsx","1690","931070111FF2D1D58DC2F8DA366F3C6A7BE5201F0F9D77C518D2C9513DB1A7DE"
"complete-reference-snapshot/src/components/ui/card.tsx","1340","837CD0A4E4BE53AC52A782DD8E875FFA8404916A026A220EBF2FF73C1F25247F"
"complete-reference-snapshot/src/components/ui/dialog.tsx","5536","15D5F7BC1C21B9033413F52B2F2A7812E85BDE77C7616AE8E4E5146572B16970"
"complete-reference-snapshot/src/components/ui/input.test.tsx","3711","B02959DF3207D86B023ED6EC9E126AC982D9CEDB4C5056BFB002937DF0396E9B"
"complete-reference-snapshot/src/components/ui/input.tsx","5500","63738C42C798D10237440D28A12D9ACC2C62D4335FFF8B7C59C324D96C0D456C"
"complete-reference-snapshot/src/components/ui/scroll-area.tsx","822","0BCA92AD7B8636ECA44B3091BEDF976D0EAD675B642B396575DE2C07B5B50190"
"complete-reference-snapshot/src/components/ui/separator.tsx","420","6CF220E280C50E0806DC1B50ABB21D7427655E1D84836A8CFD3BE9FFCEA18221"
"complete-reference-snapshot/src/components/ui/tooltip.tsx","740","1EFB9F07410ABA1BB0DD54CF07E8ED7A1BAAE3895CFCE63A69955749C3B0D4F8"
"complete-reference-snapshot/src/config/app.ts","1578","9BF4C4CAED09A05428491F1BFCB205F3ED7570DF10449B896E625E88BC4B6EF4"
"complete-reference-snapshot/src/config/business-workspaces.ts","3029","849D0C4DD0AF949F5CD6F82E492DD7FAED80958E4D160A6D7BFEA04D1E948982"
"complete-reference-snapshot/src/config/lc-currencies.ts","773","E7F85EB0F54A211A5F5A45CA040A8484C33813F2183AB8B1687EE10CF9F47A58"
"complete-reference-snapshot/src/config/module-registry.ts","32828","DEF0FEC3B4CC15F2FC19539EE3CC620E10339ECF5A30F5EEADA1C0373F137603"
"complete-reference-snapshot/src/config/navigation.ts","10570","B78852485AF44AB5C918C0493C4950A27DD95432DF7061DD2D68E1D0E06B1A5E"
"complete-reference-snapshot/src/config/purchase.ts","6084","4A67A172BBFEAFC709CED9FFEBDCAFE87490D8F43983F60018924F173ADF2E17"
"complete-reference-snapshot/src/config/routes.test.ts","2907","A258DEE627B6D06583D497C31D4D718FB25CC6C8C51241B410C4E51DFFAB83E9"
"complete-reference-snapshot/src/config/routes.ts","3633","FC6AC8B4D18D9729CC4F1883EC5F67177436DBE12E0765D29CD357BD88E1C64B"
"complete-reference-snapshot/src/config/sales.ts","5903","BCC6A589162585498478C73C0B561F4C9D034567CA63A1C9ADCD647D867BC477"
"complete-reference-snapshot/src/config/shortcuts.ts","572","C0571DAA90D0B8142080416860CD31DBB73FA2112766537A754088C66F791A94"
"complete-reference-snapshot/src/data/.gitkeep","1","01BA4719C80B6FE911B091A7C05124B64EEECE964E09C058EF8F9805DACA546B"
"complete-reference-snapshot/src/data/bangladesh-bank-branches.json","1065468","249EAA79CD97A2D835BF7DD57DDA8134DB1DF783DEF4BE06F2F627A20FD6DC08"
"complete-reference-snapshot/src/features/auth/auth-shell.tsx","2098","7AAFC91003DF89353D56E8BC9E2ED0C52ABBED83F15783DB7A09D8B336E0ECCD"
"complete-reference-snapshot/src/features/auth/book-demo-step.tsx","5326","B6046CBA859EC76DE5F661376BFA5A6BF5E9C28472FF7EA168C0672E59A67D8E"
"complete-reference-snapshot/src/features/auth/first-run-experience.tsx","1515","047B9FD45C3B9B6BD41F338EF6E5FE8BFF4FB9D34C19252C6BFD4EB1F16B0625"
"complete-reference-snapshot/src/features/auth/forgot-password-form.tsx","2057","668DF15BBE192C8991B518F4B7612FD762B80FDA2E8667C3E5169645DFBBF74E"
"complete-reference-snapshot/src/features/auth/otp-verification-step.tsx","5753","AFF54A0CE363F72E169083015992704AEE5FE232DBB2A9F128D97118F3A84723"
"complete-reference-snapshot/src/features/auth/phone-entry-gate.tsx","4240","A4BDB8E9CA62A0FEDB77897A8AE102750C6454D48DD9A96D571C1513D65B54A3"
"complete-reference-snapshot/src/features/auth/signup-form.tsx","5747","4A23CDAD07CF1A834B567F40D145C666F9323DA5925B924596FAB2D58E48AD7E"
"complete-reference-snapshot/src/features/command-palette/command-palette.tsx","8993","884EA843CFF83AAC8465FE4B174A01830D8EFDC2DA822F73F04D322836113BD8"
"complete-reference-snapshot/src/features/demo/demo-banner.tsx","258","B9D3EE1C188977F2E6E6397D004DEC5BC2721CE4BE37E3D857CEB9C49A6BFB6C"
"complete-reference-snapshot/src/features/parties/party-form-dialog.test.tsx","2569","0C5A130C9371D78098675AE5F1A8EEEC317E9B2165AD8ED83F74A5B0923E96B6"
"complete-reference-snapshot/src/features/parties/party-form-dialog.tsx","45153","3946EFEE30A834E525507DD4B8F4C9163A88A71280D1480C89F8184D3693F246"
"complete-reference-snapshot/src/features/purchase/purchase-workspace-parts.tsx","20785","5C35CE2F620DDD5ABDB186E4969FB8B4F5DBD1B428FE36370C6CA9C7EC24130B"
"complete-reference-snapshot/src/features/screens/account-class-detail-screen.tsx","7268","71F513CF356BFDB4992E6D193E7FB96241FA8F7AE4A5CC6C83E7F48628FF6D4E"
"complete-reference-snapshot/src/features/screens/add-asset-wizard-dialog.tsx","31814","F9B10E5F6D543684125716912AFC8730A6FEA04C75D7337CB6DE96928FE1C449"
"complete-reference-snapshot/src/features/screens/add-employee-dialog.tsx","30984","B6DCDB6E4E1302A5B39F4F2600A246109ABF706A016991829CA82BD08C45680C"
"complete-reference-snapshot/src/features/screens/apply-leave-dialog.tsx","9907","B59D0802DCBD56F75F6A5B7818C41D0F66B9D9D489286005885396A56B4B9223"
"complete-reference-snapshot/src/features/screens/asset-category-manager-dialog.tsx","10860","1D8177C5A3FA6346BA6FDD7A7CA0E4DD22EF513BCF523D0712CCAB6E95260C9C"
"complete-reference-snapshot/src/features/screens/assets-management-coming-soon-screen.tsx","2728","772FCA6F08DC9DCF9971E0576C93AC1CAF8F6C64A42E11D7E53B446691501265"
"complete-reference-snapshot/src/features/screens/assets-management-screen.tsx","35483","9AC537E375874A2DD1BF2D0EA515F15D895CB041AF32BE5CB61360FEC7E23AE7"
"complete-reference-snapshot/src/features/screens/attendance-import-dialog.tsx","15953","E8A74420BC260B27AE39B5F333929E017191829A45715EEFEACBB45D98B5CE9A"
"complete-reference-snapshot/src/features/screens/auto-backup-screen.tsx","189120","834C2FE78DFCB8B4883E6E8CE76E822A97CF821212A545BAB2BA9A483B952F3E"
"complete-reference-snapshot/src/features/screens/backup-to-computer-screen.tsx","4840","FC99D909D551F3310E446C7AB9728DF2BC8CDC9CEE03E470921035AA63E5810A"
"complete-reference-snapshot/src/features/screens/backup-to-drive-screen.tsx","16515","23B86AC63030D713A4F338D6F063402E1669060B513AC3438DA527821BDCEED7"
"complete-reference-snapshot/src/features/screens/bank-accounts-screen.tsx","53435","03CA8C4060747A240558A2F5B6A72DE80A088071666A61F79205A8055073B6B1"
"complete-reference-snapshot/src/features/screens/bank-transfers-screen.tsx","47785","63ED35FCD35429F4FEB319974209ABCA6897A118ABA9C24E270A29AE15530763"
"complete-reference-snapshot/src/features/screens/cash-in-hand-screen.tsx","77723","1CC581473E106E5B40E9C11EE36A98552D5B52E47FA1AB0CBD6278D58CA09A54"
"complete-reference-snapshot/src/features/screens/chart-of-accounts-panel.tsx","78767","01BA5D011CB440B8931E413AD73625784CCAEE9CBDB1A7743EE0A07765D70631"
"complete-reference-snapshot/src/features/screens/cheques-screen.tsx","38508","3FBB4E6177A66826E59D057BA52CD543B8C60B1E5BCBDDC2447DCA0BFB06D765"
"complete-reference-snapshot/src/features/screens/close-financial-year-screen.tsx","10990","1273E7F5DF718F9B52AD542035D5193BCB7E76598486610B9F65A5A56CA322EE"
"complete-reference-snapshot/src/features/screens/coa-viewer-dialog.tsx","13761","00C252DF839B485B678411750C7E99AAEE4377DEEC726238831F0A753CADF73B"
"complete-reference-snapshot/src/features/screens/company-profile-screen.tsx","21085","AA6EF717F23830F173D528320D50691C670F322F176963AAA85F12D70DA16FC7"
"complete-reference-snapshot/src/features/screens/create-lc-wizard-dialog.tsx","57024","0CF36066E5A1E24F5321CD10EB0306492A33B4F0FE6A1B882A29D73592021BB4"
"complete-reference-snapshot/src/features/screens/current-lc-page.tsx","1225","F3112DDD2BFF7FF303E03750BFDC55E8A5657B97EA1D7E7716E9482B4C4647DA"
"complete-reference-snapshot/src/features/screens/dashboard-screen.tsx","83939","1286DF8A6AEDFC6765F45D8138B32050FE27833DFFAD3BC77B4277ADB27FFFE0"
"complete-reference-snapshot/src/features/screens/day-book-screen.tsx","39838","AF6139BA2C27657CF40A7A869DEEAEDF8381A52D849C3CCE6F7C7C1BAFEAA7DB"
"complete-reference-snapshot/src/features/screens/demo-workspace-screen.tsx","3794","A2EB50456B19AFFE8D0BCC7AE6194A1527DD5FB3681D65933082EE3F4E5BF34F"
"complete-reference-snapshot/src/features/screens/department-designation-manager-dialog.tsx","8469","B5B98107BA55D7BA44CAEB33DE78DCF9D33AFFE10E642127E8D1AD6DA04E185C"
"complete-reference-snapshot/src/features/screens/edit-lc-page-screen.tsx","16796","02B61FE735955807E6AA67EA5818D7CCBD51AB41A5327F1845EE69E08D937242"
"complete-reference-snapshot/src/features/screens/employee-leave-tracker-report.tsx","31345","0D1688AF956C0E96529C09AFA22FD76291192258AFBA5192A392B60979D88496"
"complete-reference-snapshot/src/features/screens/employee-lifecycle-dialog.tsx","19904","186E39DC52108B79CF422F9FC618EE0095C42321DA6A16CD5308C4327B66E7FA"
"complete-reference-snapshot/src/features/screens/employee-loans-section.tsx","11583","940AECDF59650C2EF054002F418A35D299225A32BCA552005B944A2F02FFCB12"
"complete-reference-snapshot/src/features/screens/expense-claims-section.tsx","11844","55CCA687DCB814B09E6E50466202414E5D363C51617E31E9C1B4B51788D13D0D"
"complete-reference-snapshot/src/features/screens/export-items-screen.tsx","19160","459FAAD20D5C6783584640C3529F713372F1B960EBAFD662731899A49A675FAE"
"complete-reference-snapshot/src/features/screens/export-to-tally-screen.tsx","49886","6135D8777C07EF2847190D66302AAD5B164D872B9D20A0D210909DC2A9314D03"
"complete-reference-snapshot/src/features/screens/hr-reports-dialog.tsx","11529","B148380DA387721AA114D347D675507A1C49E880924DC379450E5576BB486BC7"
"complete-reference-snapshot/src/features/screens/import-items-screen.tsx","21572","7C68E336AA9F53FA15298CE2A43A6F5B704665E4118674FE91DCD2B52725C43E"
"complete-reference-snapshot/src/features/screens/import-parties-screen.tsx","16167","BA00EC763ECE012DF20D875B093DBDFD4E7378BCE052DA64D5BC8337C04EF044"
"complete-reference-snapshot/src/features/screens/inventory-screen.tsx","282731","0388B5B0F11AEA82EC6AD980B9CEA0E119AFE7D369DEC6B03C58BA13B5425594"
"complete-reference-snapshot/src/features/screens/lc-cost-head-manager-dialog.tsx","9160","BE294B4E0E96A40D01172C83A8F9121D87FF26E65AAF6CDF2DF194149BC8FE5E"
"complete-reference-snapshot/src/features/screens/lc-cost-posting-edit-screen.tsx","11575","F43ACFAD9A51F5E8E64CF7271430DD38BA7DA27C15896F1BE7C45E2C2C0D73F3"
"complete-reference-snapshot/src/features/screens/lc-cost-posting-screen.tsx","7534","F0450090F945E25C335A7E2A4B2DFF5089BC6FBFDEC8309335EA191281CD1667"
"complete-reference-snapshot/src/features/screens/lc-detail-dialog.tsx","122472","1835396A0A14A5F849A41087DB7C2020EEACD7C521A2EBB10EA1D14FAEB7BDE9"
"complete-reference-snapshot/src/features/screens/lc-detail-page.tsx","1503","3563EBEB420202188CA5328A4C0A6E6702DBFE1CE4A27BED795ED3717C8F5E9C"
"complete-reference-snapshot/src/features/screens/lc-management-screen.tsx","50578","A4B260811BDCFD526A0EE4FBD0659F4CE87E0551423FF85BC401C4D38BCCBDBE"
"complete-reference-snapshot/src/features/screens/leave-type-manager-dialog.tsx","4844","36CDEF04FD9F3A53ED4E873682CDB89123414BCCFDBF2DF8471FD6870E779B27"
"complete-reference-snapshot/src/features/screens/loan-accounts-screen.tsx","87557","A8759EC5388435AAC543AD556D1C6700901122F38DF64F9B4E3391CD737D3C40"
"complete-reference-snapshot/src/features/screens/loyalty-points-screen.tsx","33752","94ED0C9D44D202EACBFFF7717DC53610E795F2F2B70AAD386382767B69014577"
"complete-reference-snapshot/src/features/screens/manufacturing-a-k-route-dispatch.test.ts","5935","39E3E5464E8CF6094E32E60C8B711B50CD3043ED8040F63D69C6AC1965E69C79"
"complete-reference-snapshot/src/features/screens/manufacturing-blueprint-controls-workspace.tsx","106072","7FBBDF6D0691B62DD407FD30E4D64F98ADFBA412BD0DF39FBFD25B74A66069B2"
"complete-reference-snapshot/src/features/screens/manufacturing-control-center.tsx","129893","AAD4C4DA8769A27A39CAC993A63CB54B6F24FEC0EC74F7127FDB08CD92D711DD"
"complete-reference-snapshot/src/features/screens/manufacturing-control-center-workspaces.tsx","453184","2DB1D007EF6DBF4AA48A06DADAA08DD64E8D93FD12A3B54E3A9E7AD6AA1B2693"
"complete-reference-snapshot/src/features/screens/manufacturing-cost-report-workspace.tsx","57743","5DFF6F81F5237B9199017269BDCAEC84FF4C093FF1BAC73130BD475D052C1F4B"
"complete-reference-snapshot/src/features/screens/manufacturing-downtime-workspace.tsx","23972","35AAB9F6C1EF5D50E2E304F38C233A0E073E17684D8D370B1FAE22E1022A9F0F"
"complete-reference-snapshot/src/features/screens/manufacturing-execution-transfer-workspace.tsx","25170","CC207BAE1506CFBC59797E5E5DB0EE9121D7A43F1F17EAFC960C222126029E2E"
"complete-reference-snapshot/src/features/screens/manufacturing-governance-workspace.tsx","74442","DB2D2B97284A15AFCBF82A36A3B84DE3B9DD6DB3C922932E94519DF767A7F315"
"complete-reference-snapshot/src/features/screens/manufacturing-material-exceptions-workspace.tsx","50413","4F1EDEBE68613B17EBFE3603611C5175BBF4C2EE83AF3B76B36FA1AFEF1D6CFC"
"complete-reference-snapshot/src/features/screens/manufacturing-materials-navigation.test.ts","3877","A85050033D8016B7660B9EA3A4F1886E4B21A0CE005A38F9AC8F2B08912A33E4"
"complete-reference-snapshot/src/features/screens/manufacturing-materials-workspace.tsx","68711","899A08253B6CDFADA552C463518E41046335AE7E6ABFB0CA5BA5A41836A063A1"
"complete-reference-snapshot/src/features/screens/manufacturing-navigation.contract.test.ts","16198","67A0B2F5F66AE36BBF7D8A49B0934B9A92533391E0812260A99D78945B695814"
"complete-reference-snapshot/src/features/screens/manufacturing-navigation-configuration-dialog.test.tsx","8002","5C90D8163B883D849B92977E467F60E269C7FF29D540AB6123946E9D5A210665"
"complete-reference-snapshot/src/features/screens/manufacturing-navigation-configuration-dialog.tsx","20169","D5DA2CD38616835608A04678DFFB22357A224082BB8E237329D574A7B9650289"
"complete-reference-snapshot/src/features/screens/manufacturing-operation-disposition.test.ts","3453","E25D521A2B9B6C4C7D2AF0EDBF8F58028643150AD1E320428C9B785A3907D595"
"complete-reference-snapshot/src/features/screens/manufacturing-operation-disposition.ts","2375","28A78BF5572D13C30D844526B27392EDE2197ECD0BFDF8DFD1125C08581273FB"
"complete-reference-snapshot/src/features/screens/manufacturing-order-amendment.test.ts","4698","1E4F26A8508D6A25820B7F37CF27498FBC8F9C880CF422F2DE4C4D5B229BC97D"
"complete-reference-snapshot/src/features/screens/manufacturing-order-amendment.ts","4286","1EEAE71DD69B181E4FB2C5E50FF8FFAF96F51EF8B61E5F79962EE72679396EE0"
"complete-reference-snapshot/src/features/screens/manufacturing-quality-case-form.test.ts","1277","CB69954A193883256510F04C99AC5AF32E78E51FAAF4A2C69355B718978B81ED"
"complete-reference-snapshot/src/features/screens/manufacturing-quality-case-form.ts","802","DE5B8DA157EA315E0EA6E9BD0B7CBCF8FDA09C78635E3D4BC78E5ED298013144"
"complete-reference-snapshot/src/features/screens/manufacturing-routing-resource-requirements.tsx","24316","3F0B7E76E4792C56F6C856D56A65753D26AA68613D3DE7BA94811F1E7FCE30F2"
"complete-reference-snapshot/src/features/screens/manufacturing-serial-packaging-workspace.tsx","76749","EBEEBB17288866F420C61B869E63AD5F7C4637ACD3C37F118F401F11F377E457"
"complete-reference-snapshot/src/features/screens/manufacturing-settings-requirements.test.ts","3858","61C852743B96210E474CE400EE562E9972AB1D70FD983F63BA1FC55F43979CF2"
"complete-reference-snapshot/src/features/screens/manufacturing-supply-suggestions-workspace.test.ts","3730","E0B9403F56401834F714BD6393E1B7416B04148BA5BF063D26DB40BC44DAAEC3"
"complete-reference-snapshot/src/features/screens/manufacturing-supply-suggestions-workspace.tsx","39672","BF69C8DE9EE5E82DB1A350B021DBD03496CF33B25271F8D9B370C59770ED795B"
"complete-reference-snapshot/src/features/screens/manufacturing-workflow-order-eligibility.test.ts","4169","3BBD4E843FEBC52C9F39223ADA1069A7478D488120E489B3D7ED83C78A0E67CB"
"complete-reference-snapshot/src/features/screens/manufacturing-workflow-order-eligibility.ts","4086","7A111A35FD04A354BCF5D1720709E125E3F88D7310FE0E667333D50CAA152250"
"complete-reference-snapshot/src/features/screens/manufacturing-workflow-review-transition.test.ts","764","1397EE98E57F72142C4DBD86BF45FB541A6315DDA7FE9557C0F509286977CA3B"
"complete-reference-snapshot/src/features/screens/manufacturing-workflow-step-actions.test.ts","15200","BA8C71E52C05B70D3B8D133CAB554F10D5E4515A8B4A0435184167A09EDA9A3A"
"complete-reference-snapshot/src/features/screens/manufacturing-workflow-visibility.test.ts","4328","FDF0E6766652AE064C68B16EA964598C402BE28107FDAC2126C91FD8F240C425"
"complete-reference-snapshot/src/features/screens/manufacturing-workflow-visibility.ts","4576","7A9DAA214BC282C11CD4E6F186C2DF60D3CF658D041C6D347C55B40C8A64122F"
"complete-reference-snapshot/src/features/screens/mfs-accounts-screen.tsx","52638","923E8855FA46552433E1DC4C6F0A7FA9F1E6F039DB3DA023588391DBB5BBE06F"
"complete-reference-snapshot/src/features/screens/module-screen.tsx","26165","234A77C23F7303D44CB7E756339CB762738ECE9A6A951A17145B207FD4B23972"
"complete-reference-snapshot/src/features/screens/onboarding-screen.tsx","17768","B382A171B2EDE8B28CBA9249115EDD75ED5442B57A46A8455FD78222A6051180"
"complete-reference-snapshot/src/features/screens/organizational-module-coming-soon-screen.tsx","3432","B4D0B5AA576AE821A8F5D184E4984192C9231BC0C528FD979967CB19907BA057"
"complete-reference-snapshot/src/features/screens/parties-screen.tsx","169432","07F7AA81C7AFFB6FE47639735C7CD95DE15788C5B8E95EA8DBB9DE5F7C8D136C"
"complete-reference-snapshot/src/features/screens/payroll-hr-screen.tsx","78187","8205E7758F5E2794DAC5A31AD23B22B15606C87564FA03F302ACBC21325D4F79"
"complete-reference-snapshot/src/features/screens/payroll-rules-form.tsx","7629","5C71C8F4D57B71BE6DBD9E933B5782B8ACF87C600C9654D364444078D166BF4F"
"complete-reference-snapshot/src/features/screens/payroll-run-detail-dialog.tsx","7303","2191E3A53FD4660D711C944ED2D3A03BA21F39F6AF2C9733CF9FF103D7075888"
"complete-reference-snapshot/src/features/screens/pos-coming-soon-screen.tsx","3186","950916450A5616AB615DFAB18005A5486D6768E45262CA404E88AFD99F4EF2EB"
"complete-reference-snapshot/src/features/screens/provident-fund-dialog.tsx","5025","7AFED0E2B3E0B4B0063AC154B0BC0581B3A46B29F5AE600AD1FB11CE31593264"
"complete-reference-snapshot/src/features/screens/purchase-workspace-screen.test.ts","14568","9F48F80C763C3CE13BB81DF96BF0B3632E0EB444821E4DD43D74C9F492C722D7"
"complete-reference-snapshot/src/features/screens/purchase-workspace-screen.tsx","413119","BA84C181E0B8385C21FD790DB1316C06F6B289074E18DFFAC12D65BE3731558C"
"complete-reference-snapshot/src/features/screens/recruitment-section.tsx","30697","968B1A00829C1D0D74D916B35E16A0CD8E0FE66A3BA5983DD1B6407536EA11D1"
"complete-reference-snapshot/src/features/screens/recycle-bin-screen.tsx","19861","42E339D8996A7F3DFBA4C87C393F5910FBCF0AC8C0C082761158A73DDACAF72C"
"complete-reference-snapshot/src/features/screens/reports-workspace-screen.test.ts","43869","589ED8E2F88E4C52EA39797F83573DE0F4267F50ED5E945BAFE4EB994F36BB64"
"complete-reference-snapshot/src/features/screens/reports-workspace-screen.tsx","493933","C56114E381F23CF8A157469481E7DCCA77BC51A99CBAA3AE09E8BAB5CB41BB30"
"complete-reference-snapshot/src/features/screens/restore-backup-screen.tsx","10289","A8282F566CC0D17875A19F4337185A5FE34915349B2570578ECC6BF6B3975D21"
"complete-reference-snapshot/src/features/screens/run-payroll-screen.tsx","33700","9719A7F0FDA6C86456AEC8DDD9661698CE82EBC790D984E31D2D5BFD3B6E581D"
"complete-reference-snapshot/src/features/screens/salary-components-form.tsx","4789","93D7387D5450548801C39B6AF9B49A6B1D11EF7EDA8480E1A30E7E73B5072178"
"complete-reference-snapshot/src/features/screens/sales-workspace-screen.test.ts","7218","2255ABE61A6AC374EF79555945298C6A572DF077342F1F9E6E61F3A199ACEB0A"
"complete-reference-snapshot/src/features/screens/sales-workspace-screen.tsx","365679","3B718486672975DEDCA0E1ED3F119791F29277F126FFDEC5A71525B6989A3854"
"complete-reference-snapshot/src/features/screens/search-screen.tsx","3441","734E0AC5E596D35E89EA5112A2BC36342BD3EB7E122394CC466766C287505824"
"complete-reference-snapshot/src/features/screens/shifts-holidays-screen.tsx","13667","9064EE94CC73AA7CBF9E3B94740DDAEA8A3677A33C957A4B6D72A62698B03E23"
"complete-reference-snapshot/src/features/screens/subscription-screen.tsx","43177","A47F6E35CC81BA9D7E52B8E5BBC920654D3A4B86E888D145A6090946E4DA3704"
"complete-reference-snapshot/src/features/screens/sync-share-screen.tsx","52028","CC2A9D788CD68A17F8801A207F0420E7BB53D3DC1D764157DA27AF63FC8BA2B8"
"complete-reference-snapshot/src/features/screens/trial-balance-screen.tsx","5028","0BC0011304D32CA875579A6365D3767F48067B0255FE46168187C82A9AC65800"
"complete-reference-snapshot/src/features/screens/update-items-bulk-screen.tsx","30499","CF1998F5BA08D1DB2AB8B85E9BB271A246359C3E43955F6638B845F08C63904C"
"complete-reference-snapshot/src/features/screens/verify-my-data-screen.tsx","21526","35ED5A0FA02ADD2D3BA4338DC0BA074D7B3BA9C05AE742684E97C5142FAA2DD5"
"complete-reference-snapshot/src/features/screens/voucher-entry-screen.tsx","629102","8715ED80ADA50826EBD367CFAFCA4800285E2FE14CE72D84915CBD695FEA0190"
"complete-reference-snapshot/src/features/screens/warehouse-settings-panel.tsx","31478","3C0F34898E286BAD323B29AA378C36A3D2A238BA29797CABA5C0A8CEBA91228A"
"complete-reference-snapshot/src/features/screens/workflow-policy-ui.contract.test.ts","2197","E47E4BDF2E60E1613994CA1115B7FA7824A9F7C223C2502AAC5570817CDBEA6B"
"complete-reference-snapshot/src/features/shell/shell-dialogs.tsx","11885","9DA55485B50206907ED2BD781C9B7FCD2183A8AEEA601B8E0D521298230AD09C"
"complete-reference-snapshot/src/features/shortcuts/shortcut-help-dialog.tsx","3906","AE82D48FC7714E1FDE49C94D368AAD469EACF3A55133226C2F0D9038B2C57247"
"complete-reference-snapshot/src/hooks/use-accounts-query.ts","5846","8738F59BB64822065138C215CE13F6FF3BD72CA98F763F8EBA1B17C83CBC6999"
"complete-reference-snapshot/src/hooks/use-app-query.ts","2527","A453A1754C38C073575604C6372EADB6B6AF8D8518ECFEDD42E7926AB61D314D"
"complete-reference-snapshot/src/hooks/use-column-resize.ts","2173","313FC76B3607AFFD83CB8811541A6A0AA597D7F55173813C6FD35768578A00D0"
"complete-reference-snapshot/src/hooks/use-escape-dismiss.ts","574","CEC4396126BAC1C9B7DEA619F0F83935A105968A23F55B1D2000F6E9306F205A"
"complete-reference-snapshot/src/hooks/use-fit-row-count.ts","2030","2F35355E5D862A447F73B4B0B698437C8741C442DF0823D6AB97588D78089C6D"
"complete-reference-snapshot/src/hooks/use-fixed-assets-query.ts","4325","FC3A40FB051E17D8151E4FF176D51FB75A2788023C227FDE64C6D708AA65B119"
"complete-reference-snapshot/src/hooks/use-global-shortcuts.ts","6103","ED6637EAD07D1A704E6072311A1DA409193B72E452147FF0DFCD534D0D1E034F"
"complete-reference-snapshot/src/hooks/use-hr-query.ts","24436","BF170B5A4B0A8538D09EF200D5CBD999B646EB05D740B5D6B86698C5EB641BD2"
"complete-reference-snapshot/src/hooks/use-lc-query.ts","11027","49DCFBCDFF5EFA3051389517427141CD393233BB46E734B2F213C5C2815C78A2"
"complete-reference-snapshot/src/hooks/use-manufacturing-query.ts","23818","510A6AD8B86D55AB1814ECC0D9E78EDC7DF9D79DD1F004B5136D145A481F5627"
"complete-reference-snapshot/src/hooks/use-manufacturing-supply-query.ts","3719","D1EA62CE4BD300E73FD38AAF64A208A03D9263697D316129408088E45EC20307"
"complete-reference-snapshot/src/hooks/use-runtime-mode.ts","462","4ED6CB29A385A4DDE808C1CA11A5568B0BD726930B5E026CD83F86D742415DEA"
"complete-reference-snapshot/src/hooks/use-session-context.ts","675","ECE7999BDEDDEFEEE94592E6A6ECCC6658EAA1C21582D23380A258ADF1207B68"
"complete-reference-snapshot/src/hooks/use-session-hydration.ts","359","D9BE7C9891684A938A9F9B2A0B7901FB26CCB246A0877DD6DFC0C23A5BF73657"
"complete-reference-snapshot/src/hooks/use-transient-scrollbar.ts","1054","638A2E40B8937E7AEDB02CC72D89B6C0A936F4ECCC1AF58E8CFF1D6E2AF5D6A1"
"complete-reference-snapshot/src/hooks/use-viewport-scale.ts","862","516053CE9894C5DA3E118020007C6AEDFF052859A6A4EFFD4C0CFF2AF3A42231"
"complete-reference-snapshot/src/layouts/app-shell.tsx","26233","5E308809F42299FC15B53BAC9E4A386B9847F6C5175D735D9DA8F90EFB8EA777"
"complete-reference-snapshot/src/layouts/global-print-preview.tsx","32673","C037E3EDE487111C7B65994244B6D1771DC136E97326BD4592CE16733AEC0077"
"complete-reference-snapshot/src/layouts/mobile-bottom-nav.tsx","2262","0CCBDA68A77505210831394BA7264EF037532994C7F65167D3143FC6F19700FF"
"complete-reference-snapshot/src/layouts/right-rail.tsx","4016","F18050303BA0969506D6E2EE787209ECE3A5177352433C603313680F140799BE"
"complete-reference-snapshot/src/layouts/shortcut-bar.tsx","3286","CEB998E9A7AB1527A7D723DA0D0A529E82B8CC1EA6ECBB1EEE0CCA0EAF9E9AB9"
"complete-reference-snapshot/src/layouts/sidebar-nav.tsx","49689","2818C28AEE4D857E853DE6A7023A03E948643AF07CCFA50F70FA471E21C284AD"
"complete-reference-snapshot/src/layouts/status-bar.tsx","1300","E025C61337190A97333C3C811E506F389D938B1B71B72076C2CEBCDD74897D00"
"complete-reference-snapshot/src/layouts/top-header.tsx","32067","147826F6FC793B6AAC0F24602CF33E30D381E20BF920B1C1EEEC53FED26EB517"
"complete-reference-snapshot/src/lib/accounting.test.ts","4966","85389ECDB83DCDD667F83DE0BD0E1843AAF70E2558AD24AA87554B2D943596DF"
"complete-reference-snapshot/src/lib/accounting.ts","10956","964455ABAB6A656889AC2B4CD37C86104BAE496E75CAE3D5DDF09E934CE1D185"
"complete-reference-snapshot/src/lib/app-actions.ts","3747","85D91E36013E9B35F241967848996A589F7D343F5527219097C01D76DF42DA63"
"complete-reference-snapshot/src/lib/current-page-print.ts","348","10941A0479ED27A7324C66D92928DDC7B00DA156373EDC74D21C0BF223694575"
"complete-reference-snapshot/src/lib/download.ts","11400","522AE484BE4B0788330C49EBD8978674B88B36F2312E2B75C88E30C056D7423B"
"complete-reference-snapshot/src/lib/erp-data.test.ts","10694","CD37987C78D71FB2FE8F97C7C3CE2C100BC8D74EB2198C9DB4E1CDB5393BC90D"
"complete-reference-snapshot/src/lib/erp-data.ts","34888","63C88A2C9D8EEEBCDC2A6F4576E21EC79BFF54FAE95A4B230C4B012BCC3559C0"
"complete-reference-snapshot/src/lib/erp-data.workflow-financials.test.ts","7872","500CDA45E59069F631E01D3CBDAF94B449AD80FA2587B0B0C34863960CF107FE"
"complete-reference-snapshot/src/lib/financial-statements.test.ts","2005","97709EAD5619CAD9F3582BA14D6B368987D763B481B78862DCD4A830FB1CA2D5"
"complete-reference-snapshot/src/lib/financial-statements.ts","1769","0D4281439323478E33EC48DB02B90E0AD08AE5C8A5853F1792A95308CA7887EE"
"complete-reference-snapshot/src/lib/format.test.ts","2058","C28B6619A4637D560A614F40E23134D6CF4A56B24CD04865DB5348A9999CB95C"
"complete-reference-snapshot/src/lib/format.ts","3255","193E6986E90A6AFE1ADBA395BBED84FD205A7E33EE68A8405DFB89C85E8C71E0"
"complete-reference-snapshot/src/lib/invoice.ts","4179","2CADD4D616DFC8BADC7BAFAD686DAD1A3900F4D30FFEC66AC910099160F4EB99"
"complete-reference-snapshot/src/lib/master-data-readiness.ts","6381","6CCE4197C067652FF58CFEB145DE83453DC03885B03E27D3804F4F3BDE7359F1"
"complete-reference-snapshot/src/lib/money.test.ts","2222","CE7CAFBD5CA1F94DD5AABA033FE69EED24755CE54F4C018699B0C19527A75661"
"complete-reference-snapshot/src/lib/money.ts","6641","CA9CED4A77F0E1799A6C103B9EBEC4C42780CF01205444F9BD82E7CD4B2169C2"
"complete-reference-snapshot/src/lib/motion.ts","979","A28C21918D43E08C843F99EDEFB5ACDC67519CD0C71CA312B4149CE12A92D931"
"complete-reference-snapshot/src/lib/party-ledger.test.ts","5410","440D8F2791CF22D2C126A1030EC2318CACFD8D217A3AF42404DF3F673582165B"
"complete-reference-snapshot/src/lib/party-ledger.ts","4346","952CCAB92307C7FECC99824502CB43E5F07714C555553F04B59E79621099A7E3"
"complete-reference-snapshot/src/lib/payment-allocation.test.ts","1626","5A20CEC17EBDB747EF0C1738FC98903F1A7BECBC4B04E5304B07828F6EED1BF5"
"complete-reference-snapshot/src/lib/payment-allocation.ts","1167","D3B27E01976BE6611E31F6971001AED2DBD90EFD85219B17E200A9120B10E8AD"
"complete-reference-snapshot/src/lib/picker-keyboard.ts","686","53118FFC4864DF21E83075D6DCE5659552D4F8691F05681B048342252DCE1C9E"
"complete-reference-snapshot/src/lib/posting-date-range.test.ts","1016","943DBC5C8CF79DA77589FD4C276A542294F7329F9114B3F1497EA9AC0B259504"
"complete-reference-snapshot/src/lib/posting-date-range.ts","560","B878D6EA241A6D94AA425DE8C1A3583C729D5687121E02F8D1F3C1691E18C31B"
"complete-reference-snapshot/src/lib/print.ts","1306","A21E1D9451AAE56CB69794EE3A76A00CA079B357BE8FDB2A9B06DBF459105187"
"complete-reference-snapshot/src/lib/round-off.test.ts","2650","FCD099725CA4190DEE5CF7D4DC45223D7026C0E5D333AC4E7E939E037D482B0B"
"complete-reference-snapshot/src/lib/round-off.ts","2219","67E8E78726F214A66A5DA40C28AB8D8CD0D7E62C8EAEF158B8EB8424638A7A5D"
"complete-reference-snapshot/src/lib/subscription.test.ts","1661","BEB604185707B2E6CE5D66DF6DD0BF753E1B69745409A2E78508CE391720C878"
"complete-reference-snapshot/src/lib/subscription.ts","1396","85CAA7E662928A9BF8CD71D93C2C4876A199C8F7A9784752AF2A60432C721E5B"
"complete-reference-snapshot/src/lib/tally-xml.test.ts","11026","1B831510A7B7AA67A9DAED812FD43B0B10646FC286AFE2DCF5DD941E58C3C8F8"
"complete-reference-snapshot/src/lib/tally-xml.ts","25675","310B8BB4F9BA53F1B5611FDAB685919DE07A6B2759C81C86D7EDC1C83EA4DCC4"
"complete-reference-snapshot/src/lib/utils.ts","718","D145654D2B002E1EFAFF0F30AA9B26CDAE25C994D12414AF98F937504DC234EB"
"complete-reference-snapshot/src/lib/workspace-subscription.ts","3978","5E92F31D090BD08EAA3A9B736CC5BED8576024BDF67601D0CF1C59572F20E98F"
"complete-reference-snapshot/src/mocks/seed-data.ts","12656","F16089EE11C1B341A77F7BD55993ABBFCE5C619D01E82510411778E8C54647DA"
"complete-reference-snapshot/src/services/accounts.service.ts","4164","E24FD5F4CA38995A9991003EFC0DE0F4F2058EF2FEEB32B320848E544584A9EA"
"complete-reference-snapshot/src/services/api-client.test.ts","1672","90224196B3E04C1E374477BCBE5C2327E1DAD2A573E7413C39221FDE93F5987D"
"complete-reference-snapshot/src/services/api-client.ts","6600","78523394B0D742775F49698B9C1AF6E217CB00ED9523D0D5B9A4D08E944E6CCE"
"complete-reference-snapshot/src/services/audit-reports.ts","340","67496391A408151D9447E827B4A7209E6AC42A1976D936F4E4D53C14E91E33E4"
"complete-reference-snapshot/src/services/auth.service.ts","2089","B2ED3BB3A91864390EE795EEB54B0CA1F8046BCF156530E5A643E46C51C37CE8"
"complete-reference-snapshot/src/services/auto-backup-settings.service.ts","2106","2C8CFD813EBB5ABC2D07A9A6884576AADA1371CF970B83C87D3FB386217E4864"
"complete-reference-snapshot/src/services/browser-dataset.ts","2821","1D7B7938F30EDF67697FED36B23FF95F0CD3F2F343AB3A03AE4C82D117787B9E"
"complete-reference-snapshot/src/services/cloud-sync.service.ts","3400","405605D769A6CC7E7BB9B893770ECB4E754A4DA102210B88B0440BF798C99DB2"
"complete-reference-snapshot/src/services/company-profile.ts","4075","6207A113CD07078F53DC628B7C5A6685E9C42CB8272E682D5EB6B65E1265E4DA"
"complete-reference-snapshot/src/services/dashboard.service.ts","238","A033FB87E1141AA32303F4BB48BC7032E08700285146AEA622C50879AECE91D6"
"complete-reference-snapshot/src/services/data-provider.ts","567","23432C2016979AF238666D597ED8A3CE94259161154054AB4A94001B56615042"
"complete-reference-snapshot/src/services/demo.service.ts","144","118CFF5B95F4EA41BFC18A5DE0F20F08D564F2932BBB9E7E7F24C2F4AED1769D"
"complete-reference-snapshot/src/services/fixed-assets.service.ts","2340","1302EAC4276F7D5C31F07D121F14E64C82472A94A53B83B74F15B64EC5C6D037"
"complete-reference-snapshot/src/services/hr.service.ts","13194","100470AF6F1F34BA102C4C0E17CE6C85DDA562DBCAFD69508E2C3F19DA4CED74"
"complete-reference-snapshot/src/services/inventory-reports.ts","603","195FD8579E87F6E026793F50990F62601AB589E693BE13F7ED52BA5C9317A9D5"
"complete-reference-snapshot/src/services/lc.service.ts","6591","6B9BAA5BF88024BD8F76586F260C199625383BF67087A564FDAC01114677DDC5"
"complete-reference-snapshot/src/services/loyalty.service.ts","2301","A51DF4ACE65A1016A9E6D9BB85A280E778DBCCE980A1D3B0932930DACD4F6A15"
"complete-reference-snapshot/src/services/manufacturing.service.test.ts","18612","885FFE93DD9069FAA831EDD37F5C4FFF8C4591DF54631840F94472DF92F8BAA4"
"complete-reference-snapshot/src/services/manufacturing.service.ts","16985","2594A269183B65CE9DE8A200F2C682B246636B396C960B0FCFF67D69FED75D7D"
"complete-reference-snapshot/src/services/manufacturing-blueprint.service.test.ts","1128","2139D90ECD2789212C81A36F40BEBB35A83268D07E8EA75055FD3A45EF958A88"
"complete-reference-snapshot/src/services/manufacturing-blueprint.service.ts","8254","7653D4D28A1BAA3085C3D25FC1726DBB19C954AD3B5D61AEB67CFC3BD3E676AF"
"complete-reference-snapshot/src/services/manufacturing-cost-report.service.ts","5798","FB520890B7AA06881026D9E9001941520E3F9D6A38E909C7E583B680F35EF5AE"
"complete-reference-snapshot/src/services/manufacturing-downtime.service.test.ts","2123","5CC831FAD9A26F20025718252C19BF2E8F2BB24307DC823C2EE349A8CD788CC2"
"complete-reference-snapshot/src/services/manufacturing-downtime.service.ts","1762","6FEF834BFE74EEFD81206FAA423B9AE7C432FA6223D0CE10FA0DAF33D15B55B6"
"complete-reference-snapshot/src/services/manufacturing-execution-transfer.service.ts","969","40082CFB9C3942DD6F7C9E01C4545F480B16E4097C2E01CE791A19D62ACBF1E8"
"complete-reference-snapshot/src/services/manufacturing-governance.service.ts","3230","66C1728F7B9ED2E1EBFDABB9FC8B1ADCD7FBC16F0A8672F1DD0E01A96454FB6A"
"complete-reference-snapshot/src/services/manufacturing-material-exceptions.service.ts","1543","D4327C4AF040F88709D8F53BC93FEF0E65C0D56D233232C1B65DE7FF5EEFF114"
"complete-reference-snapshot/src/services/manufacturing-materials.service.ts","4209","31A757D72BC018FAE61F7BBF830AEFF76683C7F80AF32CB0CDBF45D026537F06"
"complete-reference-snapshot/src/services/manufacturing-packaging.service.test.ts","1199","A5FD19788E7C8F6C84631FD6B15A0C6D8749C495FBE2CF1762195594BBD0D4AF"
"complete-reference-snapshot/src/services/manufacturing-packaging.service.ts","5758","7C2E048E0A901E08774058CD486CE3CB6547F7A7C8E941324B4E86F6192FB123"
"complete-reference-snapshot/src/services/manufacturing-supply.service.test.ts","3380","20D967FAED8AC5158E390266F98432FDA3B240EC9D3057667E70E17021579A1D"
"complete-reference-snapshot/src/services/manufacturing-supply.service.ts","2371","7BFE6B314D00F614991502CAA77C3B23DDBA920CFEFF15412BF92F9DED80B039"
"complete-reference-snapshot/src/services/onboarding.service.ts","444","6100307CA6C7F06680178D9C85EB16FCFC40A042DA8BA509F47F8075505A56F6"
"complete-reference-snapshot/src/services/providers/api-provider.ts","3195","6EA740E0BEB4DC71E8ED54281D9F0BC22AC3F39067F6F58AF9BD5E9AE3C8982B"
"complete-reference-snapshot/src/services/providers/mock-provider.ts","14011","F4E801E4C4F54D712C74B274FB8B21416FD8F2D2F192B261A2D5FD7C09814D9B"
"complete-reference-snapshot/src/services/recycle-bin.ts","7838","6E4A296CE6662BB3EE806980A571A283FB18206EF26D0A71FB389A4577F25F83"
"complete-reference-snapshot/src/services/report-dataset.ts","5115","8D388247860EEDE1EBE3E938DEC6FC23D093AE19C983281B50EEA41CEF1A4114"
"complete-reference-snapshot/src/services/reports.service.ts","251","79D95F9089E6C910B7E53FA5EA48A10B1283F8B6B78A87208F9E6D502A25EBD7"
"complete-reference-snapshot/src/services/subscription.service.ts","3710","726C8540D44F9F673D65D685F954EFB70F258E8AB1F536B76054D1C062F2837A"
"complete-reference-snapshot/src/services/tally-sync.service.ts","20232","B2F56BB7E1C8A31F9B832E88C1FFF4A92043897ACC89A1BDE48D4103F1D7D712"
"complete-reference-snapshot/src/services/voucher.service.ts","6249","64A0713F8FB739FF0AAEA27EDF262C7BF03EB0E915BAFF2811A8867468AE8FCC"
"complete-reference-snapshot/src/services/warehouse.service.ts","3865","9199D542EF35FF69147D25BD105990D46F2A2FA8ECA6C4C35C5278912F80C30F"
"complete-reference-snapshot/src/services/workflow-settings.service.test.ts","2591","1E22DFDB32A2F11F520300DD4B4A4BAC60948A5C0AC048E04CE9FFF52CFADC8D"
"complete-reference-snapshot/src/services/workflow-settings.service.ts","4747","C1E7C3C3D736D31236C43E9E65AA7ED636108E5F923168547728C4236BB3F23D"
"complete-reference-snapshot/src/services/workspace.service.ts","1062","F920833EEE02EEF75E710D95E6D35D6BED98525127BCC0493D879DD48150F590"
"complete-reference-snapshot/src/services/workspace-backup.ts","7035","B58B86F09CD8AD1D711B7738FE6A6BE5780DED1B741D88BCDD299DC69F79D054"
"complete-reference-snapshot/src/services/workspace-planning.ts","4911","4B68FF37D109A5F21E88DDEB4550CA208EF95B55CD65D21696262B79DF65029E"
"complete-reference-snapshot/src/stores/accounting-preference-store.ts","737","0FFCDCE593203F4F5AEBEB7A50DFCB34799D22A257C2116B7E70B757E204DE02"
"complete-reference-snapshot/src/stores/session-store.ts","1830","D9962156AA7B5D6DF704CB5FD71295552D24239FBF4817D30546FF5E8AB066F8"
"complete-reference-snapshot/src/stores/ui-store.ts","1471","E9E9BEED8ED7D59444D4901A489FB27A4D55FD4B2904E5C8437AC3DDB303C9DB"
"complete-reference-snapshot/src/test/setup.ts","43","9B328C4843431FA76D8DE00008FC159E95F99A840211085FF3B8F25E53D14409"
"complete-reference-snapshot/src/types/accounts.ts","3779","2BB1F8132C9B6DE0236B59275734CEFF04B71567EDEA758827F333FDD133E1FC"
"complete-reference-snapshot/src/types/api.ts","3579","FA87C109192EF46E31926755F98D169A28250F7EF5EAB2655F3F7D4C7F549097"
"complete-reference-snapshot/src/types/desktop-app.d.ts","707","F9F0B30B72967568C4B419DF4A36EBC3BB71261F8A51E4A68145177928A161FF"
"complete-reference-snapshot/src/types/domain.ts","10802","8AC9097CF04BDB96828D30E814993EC44FC4832A5DE18DC0B6183572CC5A3CA2"
"complete-reference-snapshot/src/types/fixed-assets.ts","4524","76D97BA81EF50B423BE62B2B433DCD5A624CB1DDD7C3DBB7814A0F7FC45383D7"
"complete-reference-snapshot/src/types/hr.ts","15031","E40CFB1EC9B7C7D00B263F2AB30D603B6840E483A0EDA41EF7BCBF3F0CF6288A"
"complete-reference-snapshot/src/types/lc.ts","11639","A4F6452144D3B9AB57C0357D7FA1B37D046A3540A6919F11048836E2163971B7"
"complete-reference-snapshot/src/types/manufacturing.ts","40677","8022C82806280074B5A7CFB2CF9A5310BFF121BB740AF70D618BC6F8BC7C2AC9"
"complete-reference-snapshot/src/types/manufacturing-blueprint.ts","10654","C180FA1497DE470432F88460C7A1E9CCFAE3EB6533FE53D40038FFC2C542881E"
"complete-reference-snapshot/src/types/manufacturing-cost-report.ts","4473","16D301BD234C6ADE0F0565EAA581882D669E5C64F444351CA6C09A05C93C2808"
"complete-reference-snapshot/src/types/manufacturing-downtime.ts","2064","53FA20691017C1A8B805AD2F4608D18B0CC170223FD613B29CFFE8A971F326F3"
"complete-reference-snapshot/src/types/manufacturing-execution-transfer.ts","3659","63E1B83D398AAEC8626077FF84FE9F311A63E9B1D1DAAFA42E98F56A4BD80F93"
"complete-reference-snapshot/src/types/manufacturing-governance.ts","3038","479C50E04A6278A8C9C66B345DE3DC7E2716C2A5665F4CA0D6329517DBB00022"
"complete-reference-snapshot/src/types/manufacturing-material-exceptions.ts","3971","FCEDEF2E40446CEA9E7C0D815EF5D9C762821522DEFEA05216288D0D35D69E01"
"complete-reference-snapshot/src/types/manufacturing-materials.ts","5335","2D6E91EF8B1EC77653CFEE1AC8AEE001B7FCB3414415B9D4BA450206780F1152"
"complete-reference-snapshot/src/types/manufacturing-packaging.ts","5899","351FABF27A1EB6F6678F846A9E0FA2E4C03FDD9B784E97EB00ADD322A72402CE"
"complete-reference-snapshot/src/types/manufacturing-supply.ts","2722","8FB0DF20BC1DC82498D942366030BC7500606B13D0DD5C4A991E29964EBE3B74"
"complete-reference-snapshot/tsconfig.json","829","0D93D6B5B33CB4D4D8331A35A99F66238FCDB7313B08563EA17F24CE872DFB70"
"complete-reference-snapshot/vitest.config.ts","336","F06AE0C6846B6F214E4BA30F0F5186E608FBE17C973CD20B89FF30D84043AA37"
"curated-module-source/apps/api/prisma/backfill-chart-of-accounts.ts","1344","185F761058E9D82808C8858EFAD3A3F20C4172CAD802F0B3A800B81847FD660B"
"curated-module-source/apps/api/prisma/backfill-phase1-foundation.ts","4035","4EFB5935F657EC7A6ECB95A93E0C6922456E093EF53544EE126BDE4421973E68"
"curated-module-source/apps/api/prisma/backfill-renumber-account-codes.ts","7784","1811122EF0F76F7B32EF68815D1ABD4E8A2F755E28B78FC01100D4F4B848388D"
"curated-module-source/apps/api/prisma/migrations/20260712103529_init_saas_foundation/migration.sql","24587","2D757F8320240A00A302A955BF710ECF8D162300E59E9017A0F01A5035069614"
"curated-module-source/apps/api/prisma/migrations/20260713105444_real_voucher_inventory_flow/migration.sql","7685","8F410EB19BBC040F169263AC14DA835974E8492D0FC14E843013CC5DB785D1D8"
"curated-module-source/apps/api/prisma/migrations/20260713161000_subscription_upgrade_requests/migration.sql","2113","109D4B3AE5E9CC8C61771C85D59A83E3BE38D7E1763B979B22E100A41FF68F6F"
"curated-module-source/apps/api/prisma/migrations/20260726171346_accounting_phase1_foundation/migration.sql","9249","630E29E4FCE193DF5C78AC95323112AE0C3AB35C807EAC565FCF05D8845A7BFE"
"curated-module-source/apps/api/prisma/migrations/20260726185149_chart_of_accounts_hierarchy/migration.sql","734","DE36F45540557CA2FBD1F7557FA80FBC62CC6CA7B2A3A9630B8711B44E3695AA"
"curated-module-source/apps/api/prisma/migrations/20260727045748_add_inventory_adjustments/migration.sql","1545","5FC66AC3AC5B4C080FA00FFD67F3C71D39E324B1F36F3D3A9E2249D5CDA6781C"
"curated-module-source/apps/api/prisma/migrations/20260727071516_add_party_opening_balance/migration.sql","100","D5075A192C567AD2CC5FCAE1CB4EF5AFD7A16F0B9D1BFD48AA07DCC329FD9F44"
"curated-module-source/apps/api/prisma/migrations/20260727085851_add_voucher_attachments/migration.sql","174","57D00FA40AF4DFE01A2FCEDB03CF9B8C78AC46851A14BDFDBC64A77A07F27F63"
"curated-module-source/apps/api/prisma/migrations/20260727094819_add_inventory_alias_alternate_unit/migration.sql","164","03FBB176703A09AB5ED0330534CBEF372AF92487DAD10745DE9D36FD54723EC2"
"curated-module-source/apps/api/prisma/migrations/20260727110020_add_inventory_category_unit/migration.sql","2199","633D93ED249F1F94F5B986BB74C90F58C2FD8FBB68E47D41931F40963BB5AD19"
"curated-module-source/apps/api/prisma/migrations/20260727113941_add_unit_alternate_unit/migration.sql","135","46FEB9219CB6D65774C9B54201FA670749E863FDD377BD96514A52F4E878DAD3"
"curated-module-source/apps/api/prisma/migrations/20260728132554_add_inventory_category_hierarchy/migration.sql","582","4C36AA16AB0867A3028608F963610C55CA7699DF9B4E4720CADF104F35800A3D"
"curated-module-source/apps/api/prisma/migrations/20260728142123_add_inventory_item_details/migration.sql","480","F57509888D0268102CFF099B4D5E59EAE7D45FA47F2988E0F527102FFFF0DF7C"
"curated-module-source/apps/api/prisma/migrations/20260728173000_add_recycle_bin_entries/migration.sql","1597","F61F2D38323C0FD8CB52C0AA0142C83365C2C82257BC8AADE0107D4C23737E28"
"curated-module-source/apps/api/prisma/migrations/20260729182000_add_cloud_workspace_backups/migration.sql","920","EBB6B6AC4433A447D81B3A28431A7EAA0B22ABB62F9C796AB3C0964602ABF531"
"curated-module-source/apps/api/prisma/migrations/20260729193000_add_workspace_app_settings/migration.sql","953","CFAFB39B3B127212D428EA3DB53BC670EE713A407B5593D77520C63F96B30A52"
"curated-module-source/apps/api/prisma/migrations/20260730120000_add_voucher_document_kind/migration.sql","167","9DD24648CC4BD82FEDD9878370EFFA5EC432128A1C5E928EA3553A412CC03188"
"curated-module-source/apps/api/prisma/migrations/20260730130000_add_voucher_source_link/migration.sql","149","DE1A76F7964EFFA9BFEDB8AEC7F91A316F16013C3C3F9FA8FAAA6BDAFBD077D9"
"curated-module-source/apps/api/prisma/migrations/20260805084437_generalize_account_category_levels/migration.sql","1143","3A6E9123C464FB940CFCC6EF7771266F24E5F0ED277B30A4D1A2CF67C7A946D5"
"curated-module-source/apps/api/prisma/migrations/20260805104419_add_account_requires_item_details/migration.sql","484","BBFBD0E6FDB93A797369935162ED9F971CDEB56C3EBFD39F011B6487B4904D08"
"curated-module-source/apps/api/prisma/migrations/20260805112646_add_ledger_items/migration.sql","1233","D5807D722EBB709FB9373170C5F5AC94EBF1DCFF783AE171455EE3AB8238E859"
"curated-module-source/apps/api/prisma/migrations/20260808133000_add_inventory_item_kind/migration.sql","270","96ADEA78ED4F0CB9EDFF110A8B76885A129015A46A28C50B0347DD7938B89C4E"
"curated-module-source/apps/api/prisma/migrations/20260810090948_add_inventory_adjustment_reason/migration.sql","148","9C2BD8E53D7F8B0E3532FEE0474DF7F778E02D8C6EE43B9F668A301075EE0DD8"
"curated-module-source/apps/api/prisma/migrations/20260810101218_add_inventory_item_expiry_date/migration.sql","84","6A647055B58B08742317B7FECC64375D8F6A2EEBB814ED8263931D6F8086BD6C"
"curated-module-source/apps/api/prisma/migrations/20260811120000_add_account_bank_details/migration.sql","54","85A7C13859A96E709BA5A3008174AE901228DCA1EAE6007AB63C167977987478"
"curated-module-source/apps/api/prisma/migrations/20260811143000_add_account_opening_balance/migration.sql","84","CF496CB789D0956167A97E9F11AF0F4B3261C57979E58E1549D3974AA0CD60DB"
"curated-module-source/apps/api/prisma/migrations/20260812160000_add_account_opening_balance_date/migration.sql","60","97E974D1599ED4E6F8D0CB483C07D39A97E5858E55B569A8B614DC25973CA163"
"curated-module-source/apps/api/prisma/migrations/20260812170000_add_account_opening_balance_source/migration.sql","71","992F4787D94337675B3ABFF20C5126CA1E2E8EB5868347FDC52DB99067AD2F52"
"curated-module-source/apps/api/prisma/migrations/20260812180000_add_account_opening_balance_allocations/migration.sql","64","FFF76A192CE5C17B5D43F64ED8BCEF1C725436CD0432951405E7D7F666C22098"
"curated-module-source/apps/api/prisma/migrations/20260812190000_classify_opening_balance_lines/migration.sql","601","C24B64ACD17F764D995EFD6476432EC7E0F8C0125BC28B9480C68F228DAF2208"
"curated-module-source/apps/api/prisma/migrations/20260812200000_repair_cash_purchase_bill_settlement/migration.sql","847","B6DB6045CF70C2A1ECD660F9B0AD4F4F60069A94F5DEE0EACF8545CFA3B6537B"
"curated-module-source/apps/api/prisma/migrations/20260812210000_add_multi_warehouse_inventory/migration.sql","10202","2B4AF65AF429B34BC411E6E6ECE26CF01481706509C21FE0E1C3E835FDFB1868"
"curated-module-source/apps/api/prisma/migrations/20260812220000_add_warehouse_permissions/migration.sql","1090","384DD383915C56A23A5421DF162D34B9367EA0F4242896CD5533A3CFD722CF08"
"curated-module-source/apps/api/prisma/migrations/20260812230000_warehouse_inventory_adjustments/migration.sql","560","AF8DB637AF85F1839357519862077ED4523F382726105974AA5D79395B7063F0"
"curated-module-source/apps/api/prisma/migrations/20260812240000_voucher_line_warehouses/migration.sql","607","FEDE6F8C98743FE9805C2AE0756B6AF765724757E0298B3DCB29F30F3C59B6C1"
"curated-module-source/apps/api/prisma/migrations/20260812250000_add_bank_settlement_mode/migration.sql","774","F890DC754597EFAA9E2B2F5E3B7737F87EE665BCEBDE00EDB8787ABA27B13ADF"
"curated-module-source/apps/api/prisma/migrations/20260813050000_add_voucher_paid_amount/migration.sql","66","25A228B654FA359339533FFC085D5FAC510700143FD0698117F219B51829E1C0"
"curated-module-source/apps/api/prisma/migrations/20260813061000_add_account_print_on_invoices/migration.sql","83","61D7B0621015C2CF177733CAAE681467561E162B922C0E4F3290646251A185CF"
"curated-module-source/apps/api/prisma/migrations/20260815144702_drop_settlement_account_id/migration.sql","393","366B9411611EBF6098D990F66B5CA710229986C327B166516F108BC145377EAD"
"curated-module-source/apps/api/prisma/migrations/20260815193000_add_moving_weighted_average/migration.sql","4216","B0EE8964E808E290BF41A591A201695A57AC03B359C6A0104741A4B772FAD5EC"
"curated-module-source/apps/api/prisma/migrations/20260815211500_add_inventory_cost_revaluation/migration.sql","19502","1947D45BACD8C9B75D389522DB44FA29596D5B9AB9A3ECBE707CDF9958F4BA31"
"curated-module-source/apps/api/prisma/migrations/20260817163000_allow_negative_stock_frozen_average/migration.sql","461","30D42670F2C516B85DB264B5A0AEDC5A59F03EA9E39231B1037426B4B4AE1359"
"curated-module-source/apps/api/prisma/migrations/20260818080340_add_fixed_assets/migration.sql","3928","530A746A288640F55741AF2223420B83B4944D2A9B11C4F6EE005892E50DAB4F"
"curated-module-source/apps/api/prisma/migrations/20260818101853_fixed_assets_phase1_categories/migration.sql","5071","C386485E37AEDEB68D89860ED4E6830B6D101B8D210BDAD85FB21DB400649718"
"curated-module-source/apps/api/prisma/migrations/20260819093756_add_manual_depreciation/migration.sql","167","9CEC330804DFF3F84CECAD57DCCBBF9455085D1E00CFFC89980CCD43DAA2B46F"
"curated-module-source/apps/api/prisma/migrations/20260820113000_lock_system_chart_of_accounts/migration.sql","1525","4BFD1403966E1AEDA91663FC223239CA2C5C08589A09624E0EDF361102DE1D3B"
"curated-module-source/apps/api/prisma/migrations/20260820114500_bank_mfs_ledger_categories/migration.sql","1030","157AA0560254EDCD69A873FD7B380B365CD3FBFE9F1B241F3A8308859E7466CA"
"curated-module-source/apps/api/prisma/migrations/20260820121000_receivable_child_categories/migration.sql","1303","F9C9AB46CEBAB8321667F714E9988E250AE88806C1F1A0C701AD712EFC4F9B09"
"curated-module-source/apps/api/prisma/migrations/20260820123000_deposit_advance_child_categories/migration.sql","946","044AB7628A676D4386F3F635FCA1C4E1FB649E2A31C12AEE0DAE794AACB8278F"
"curated-module-source/apps/api/prisma/migrations/20260820130000_exact_fixed_coa_categories/migration.sql","2428","57D4CBBBDE8496499E9F27B824C9710E3CE6454C18D5041902491DC15E54721C"
"curated-module-source/apps/api/prisma/migrations/20260820143000_rename_direct_expenses/migration.sql","617","90780C30D88D361250A693AD196255693EADCB095B7A79CD4D78AAC3002BDE49"
"curated-module-source/apps/api/prisma/migrations/20260821110000_add_party_bill_maturity_days/migration.sql","210","E70257D398FB3FA5FA5E918E46C86EEDB4B5C85C3963ADA7A7787AC0ACD5C2F8"
"curated-module-source/apps/api/prisma/migrations/20260822113855_add_hr_payroll_module/migration.sql","6265","A10DD88B9E266938561AED56A50848A442265AC36265914638FFB8884D214DE2"
"curated-module-source/apps/api/prisma/migrations/20260822113930_seed_hr_permissions/migration.sql","1452","60C4BF19B0D334867B2D6CBF95ACE5B1BF0BE8B3483A85ACB931D7E0F2902491"
"curated-module-source/apps/api/prisma/migrations/20260822120301_hr_department_designation_dynamic_salary/migration.sql","4369","25910707F21A5296ACB1910E87923FD57EAEC9E92D2D3FB248396BF403007569"
"curated-module-source/apps/api/prisma/migrations/20260822131911_add_hr_leave_management/migration.sql","3339","408FD7179B0EA3F750BD8CAFBE7086C1FD78D254292E2076B05BC7D08DBEE16D"
"curated-module-source/apps/api/prisma/migrations/20260822132245_seed_hr_leave_permissions/migration.sql","1032","64FD7AF8E69BD6A2387ED8A434DF898024712E3D908DBC6AB9AA8D7F43727F62"
"curated-module-source/apps/api/prisma/migrations/20260822154500_normalize_workspace_team_roles/migration.sql","1382","A98884A321E1C8D294628BE7FEF4FADDABF0D189272F853F5A9F949B114E2851"
"curated-module-source/apps/api/prisma/migrations/20260822185000_add_hr_attendance/migration.sql","1859","FB3C7F43912E2A4B62822702ECA25BFFB681AA13B11B984EF6CE561BB3685637"
"curated-module-source/apps/api/prisma/migrations/20260823053238_add_employee_pf_rate/migration.sql","75","FC171B0CE6495ED4AF2DBE44DA85226511EE5561E47761417D8C0897B5629951"
"curated-module-source/apps/api/prisma/migrations/20260823054749_add_payslip_employer_pf_contribution/migration.sql","110","F4CD1334C194B481CB5CC7B383F6E65E7A9563EEF127DB4836B65A0643C8E52C"
"curated-module-source/apps/api/prisma/migrations/20260823055531_add_shift_and_holiday/migration.sql","2286","6CC5F18000E7DB3FBD9E27C092295B0EDF2B7A97B49AE3CBA4625E6BDF23DD5A"
"curated-module-source/apps/api/prisma/migrations/20260823061034_drop_redundant_holiday_index/migration.sql","56","0BD58F7DA9FD762E642EAB61F04BD4F6C14490EF9D77365AD215FD765C5AE546"
"curated-module-source/apps/api/prisma/migrations/20260823062244_add_org_job_structure_masters/migration.sql","6074","0B51FDD2B2A4F828EB975EAF8A6DE4D480D7EE64D65D7F1276A539865389ADF8"
"curated-module-source/apps/api/prisma/migrations/20260823094127_add_employee_changes_and_exit_process/migration.sql","4323","686A74B19F3CF6C83F8BCDCCD5C65BB39135043254F917244A387DF707F39DF5"
"curated-module-source/apps/api/prisma/migrations/20260823095829_add_expense_and_loan_management/migration.sql","5071","1FCEBE0EDD054E938664112EE6DC0D04EC527EA0C3C1BDE05EAE5B8AA9A8DB97"
"curated-module-source/apps/api/prisma/migrations/20260823095901_seed_hr_expense_loan_permissions/migration.sql","1275","B3F14119E282B94CA32FB959D34DFD980FB0764293C1C35A49790FC6631EA978"
"curated-module-source/apps/api/prisma/migrations/20260823102334_add_recruitment_and_onboarding/migration.sql","7290","888CE887E23FF349F51A495A2227514ECC2FD19CAD1151CADB45B183C4BAF99F"
"curated-module-source/apps/api/prisma/migrations/20260823102401_seed_hr_recruitment_permissions/migration.sql","1018","E97B6BD1556DBA4C7C0372D742E3E4F80B4E6CDDBB252763FF922302096559B4"
"curated-module-source/apps/api/prisma/migrations/20260823192000_add_payroll_settings/migration.sql","1223","708213BF700829D195F0ECE00C66DA96368F3E541F138053FC757DB51D1674AC"
"curated-module-source/apps/api/prisma/migrations/20260823193000_add_default_salary_components/migration.sql","230","3260D57DA78F639AF7841DF2B638BABF77D13B66E16804CF026D3460CA09BBA8"
"curated-module-source/apps/api/prisma/migrations/20260824045914_add_party_and_item_created_by/migration.sql","806","8D781DFC47DBBD0354F98EED4B39BC4B91AD482B789771FBC1703A5EC56BAED9"
"curated-module-source/apps/api/prisma/migrations/20260824050000_seed_transaction_permissions/migration.sql","8079","C0FC6CE8C37E81936A28D75E4CA2D387A2BB106809B1D17D778EB1414AC679BF"
"curated-module-source/apps/api/prisma/migrations/20260825070551_lc_import_landed_cost_module/migration.sql","15912","3D7554C3438B89FAA4812ADC0DD641B422B74E6BB45993072CB3F2913D418893"
"curated-module-source/apps/api/prisma/migrations/20260825070907_lc_cost_head_recommended_mode/migration.sql","102","5AC38B81F36A3F280BCEAF3366A7B6CDB9EF5AF8625A9171F1FAB674A38B1271"
"curated-module-source/apps/api/prisma/migrations/20260825071500_seed_lc_permissions/migration.sql","1742","70C5486ACAEAA1103FE1FC2B828F04E025785591F00D6F8AA19D4B901AF61C01"
"curated-module-source/apps/api/prisma/migrations/20260825153000_lc_purchase_payment_state/migration.sql","446","7FB117818C0314219C0A4E34422C9733AA4FD4C4DF52FD2BC90934371FA9CC95"
"curated-module-source/apps/api/prisma/migrations/20260825160000_seed_lc_delete_permission/migration.sql","871","1D0C21D5C24A2F40DA11DD23F11BF3B3B2F5EEFE6E116391D5BEEF634FB5A411"
"curated-module-source/apps/api/prisma/migrations/20260825170000_lc_shipment_transport_mode/migration.sql","72","19DAD91BD8FC75CFE50938C56E21BEC5FD43575343FDABC38E764257DF429C98"
"curated-module-source/apps/api/prisma/migrations/20260826124500_add_lc_cost_entry_payment_options/migration.sql","137","9C21ACD9A9BAA5312B9128F6015FA7AE135C8CA5750351BA84354333097358D6"
"curated-module-source/apps/api/prisma/migrations/20260826143000_add_lc_mixed_payment_allocations/migration.sql","104","00E104A2233981AFC55107C4E11507AB5E04F803D66BD881338587F016645CE7"
"curated-module-source/apps/api/prisma/migrations/20260826150000_track_lc_payment_vouchers/migration.sql","65","EEC1229731D61C70F26B72CC8BFAC1196C8FCD9D97128A32F8ECBB5E09A3FF13"
"curated-module-source/apps/api/prisma/migrations/20260826160000_add_loyalty_points/migration.sql","226","FC2EBB289D88B2782F9A6C20B6C8D2AF34870BA1A03F328BAB8F6EEB2219522B"
"curated-module-source/apps/api/prisma/migrations/20260826163000_track_lc_cost_payment_voucher/migration.sql","66","EDB84ADB8926FB1692C0422BC4E52FA7AA21E11E93CC786EA4E06D56D1AE4D16"
"curated-module-source/apps/api/prisma/migrations/20260826170000_include_lc_payment_in_landed_cost/migration.sql","528","B3804DF2E10392287BE039429549A5B95C09E7F24F1AC1E9FF623E1D47B61F8F"
"curated-module-source/apps/api/prisma/migrations/20260827120000_add_warehouse_purpose/migration.sql","533","894750A68C36AFF48CE3F8218865F1082B917F357326052DF908AF858F5C24DB"
"curated-module-source/apps/api/prisma/migrations/20260827143000_add_lc_inventory_posting/migration.sql","1760","AB10B1163AC93166969677E1A59262F080DCD4F087331AD8047980E942488BC6"
"curated-module-source/apps/api/prisma/migrations/20260829113000_add_manufacturing_foundation/migration.sql","80258","BC45FE5F1EEA3E5F0E841E46D0BDB777589B8F9DE3F0CCC996E2D8C312AF1EDF"
"curated-module-source/apps/api/prisma/migrations/20260829123000_seed_manufacturing_permissions/migration.sql","3019","3FB4D713A270A3DEAD33977C7173B7D090E0A493A3A71EE59ADB6CDF7AD8E606"
"curated-module-source/apps/api/prisma/migrations/20260829144500_add_manufacturing_blueprint_controls/migration.sql","19780","6A7AA5ACE99989A510983DAB8201613F746BD22EAC8A5EAE4F8EA62FA508AF7B"
"curated-module-source/apps/api/prisma/migrations/20260829160000_add_party_contact_details/migration.sql","158","56B1FD24888095B47C78099348F821626E0A742DDA6F157A5F637F4AD323D653"
"curated-module-source/apps/api/prisma/migrations/20260829170000_add_party_detailed_address/migration.sql","205","1BCAC1BCB5D92C18682E9E5AAAF9BD2E28D6359B7A625E789011A04BB044764E"
"curated-module-source/apps/api/prisma/migrations/20260829173500_add_manufacturing_governance_records/migration.sql","1541","99B236E023910F8C06D6C80FBB27DA47BA0EBA70C06E77EA80CA97BD34CABC73"
"curated-module-source/apps/api/prisma/migrations/20260829174500_add_manufacturing_actual_costs/migration.sql","12346","24C52AE1ADE5A9140D48687FBFABADE376DDF880A8DABC802C72401932A38C7F"
"curated-module-source/apps/api/prisma/migrations/20260829180000_add_manufacturing_serial_packaging_release/migration.sql","14487","A873CCAEB1286252872F2D537E414CF0BE1CCC9FDBAE8A3E9389285ED9B881D0"
"curated-module-source/apps/api/prisma/migrations/20260829190000_add_voucher_round_off/migration.sql","950","0FAFE0F6E8AB1B8953609E8B55816935E33B379819D7F94AC4D663CD81330684"
"curated-module-source/apps/api/prisma/migrations/20260829203000_add_routing_operation_responsibility/migration.sql","417","37CA21D036C8EBBFA542FB04D2CCC4A8C6A56896352C3F035527624F35EE768D"
"curated-module-source/apps/api/prisma/migrations/20260829211500_add_packaging_material_short/migration.sql","298","12051B801BE4417690762E6BE4CAD506D114F919902B6EC3D7019D3F5835A7F4"
"curated-module-source/apps/api/prisma/migrations/20260829213000_add_manufacturing_document_reset_period/migration.sql","972","99ED40722EABABFF663938D35A010107DE1635F97FCDC72F90F27AB0EC919D9A"
"curated-module-source/apps/api/prisma/migrations/20260830110000_reconcile_manufacturing_integrity/migration.sql","10812","1F5D29272ED8004EBB4AF6D6A432C62A783390B7F83958291B6D485E21760E85"
"curated-module-source/apps/api/prisma/migrations/20260830111500_align_manufacturing_constraint_names/migration.sql","2332","8A7D71BB3D45246964C4DA029AB1FDF06FC9353185152C179EC98804D1DEF921"
"curated-module-source/apps/api/prisma/migrations/20260830123000_add_manufacturing_downtime_events/migration.sql","3912","ADB9B9C4189EED4D0265C681DBF0BC519084D3A47C7414721B221D4093875F6B"
"curated-module-source/apps/api/prisma/migrations/20260830143000_add_sales_manufacturing_lot_provenance/migration.sql","532","01CBF54C0B666AABA86BE6AAAE3D3ADF4E7CAA522C23F5BA429959B592813C33"
"curated-module-source/apps/api/prisma/migrations/20260830144500_add_manufacturing_lot_retest_due/migration.sql","184","45E59BB60AE2337C13A12435BC3580AC017B80DC95C1ABEECD7B61B4DD70722C"
"curated-module-source/apps/api/prisma/migrations/20260830150000_add_party_category/migration.sql","81","9804B6E80CD5BE56107252AE0108FC3D7C28E48E626C0112D8C518EC2E88B419"
"curated-module-source/apps/api/prisma/migrations/20260830175500_add_inventory_batch_expiry_tracking/migration.sql","754","8C9F31BADB644E34C5A853A45003E0775C6FC927CA939E301AADEC133B273904"
"curated-module-source/apps/api/prisma/migrations/20260830204000_add_manufacturing_workflow_orchestrator/migration.sql","48248","A918E18C11423BB8A42AE69D3DF21D791C00EAE8804F33439C3054434C5F3D4D"
"curated-module-source/apps/api/prisma/migrations/20260831143000_add_transaction_workflows/migration.sql","3848","A6E6723D5693C651CE0B164FABABECA06AD89BE9F03C68C2CB33402930A6D914"
"curated-module-source/apps/api/prisma/migrations/20260831170000_account_id_authoritative_voucher_lines/migration.sql","25579","653192E49CF83974CB20B2F19CEF39C73741086EDEB5BD381C12BAC8E84BF158"
"curated-module-source/apps/api/prisma/migrations/20260831180000_add_account_managed_roles/migration.sql","3789","CD34943EF2E76F7B9B583C9FF239FB12D2AB9032485531F665E673C766568F99"
"curated-module-source/apps/api/prisma/migrations/20260831183000_restrict_inventory_source_line_deletion/migration.sql","1195","F98ECCED82BE4C7D7244FCDC7329ADC1679DC94153EA568C25323D951568AE8F"
"curated-module-source/apps/api/prisma/migrations/20260831184000_enforce_voucher_line_account_identity/migration.sql","3924","A6CBF8EF990446A4733069818D977D5D0DF73BBEB12C60145602CF6ACAC90ADA"
"curated-module-source/apps/api/prisma/migrations/20260831190000_seed_recycle_bin_permissions/migration.sql","1414","D5504B19FF8CFB46D717FD47F42B0E5D67A869B565874BC03E06EB803D7DA6BD"
"curated-module-source/apps/api/prisma/migrations/20260901153000_add_manufacturing_workflow_v2/migration.sql","8038","B024CF9DAE71ED0960D5FD11017C857893E9FC158A54C11E659F0AA74DD480F4"
"curated-module-source/apps/api/prisma/migrations/migration_lock.toml","128","99836963713B4F5B269AD49AF0ED3D7B0B2E336115C2F92DC9AC683D139D0900"
"curated-module-source/apps/api/prisma/repair-protected-accounts.ts","7577","D6D6357A4FA4B9C41C94A8398A2F2384361E3A1FF9A9D571B3BC78AB9BFEF20A"
"curated-module-source/apps/api/prisma/schema.prisma","256137","8ECFD9F98D9DE06050FCE6E094DAA53107A456D488AEBF583C2985D3D512F455"
"curated-module-source/apps/api/prisma/seed.ts","15617","BE05B75894C2CD893627025574850B2EF831E145DDAC65323110B786ADB3E512"
"curated-module-source/apps/api/prisma/smoke-test-phase1.ts","6103","00DEED7505F70B05705DA1987FAC029DE5C21CDE6AE3EBAF29DAB3D00244FA69"
"curated-module-source/apps/api/src/app.module.ts","1971","D2FE0D957A1620180997F2487E44702C33318FB1DD5CDAF6E4F490CF5A26E8B0"
"curated-module-source/apps/api/src/fixed-assets/dto/create-asset-category.dto.ts","535","7A30328BFC5F5E42045E8C5950F8590087B597EC0F31ECC4EE85EC1EA9237A6E"
"curated-module-source/apps/api/src/fixed-assets/dto/create-fixed-asset.dto.ts","4075","787C6492C789B5EA0C2CC5FB1845A4E1DA0BEA3CEDA7F23AF1D70FCC183CDADF"
"curated-module-source/apps/api/src/fixed-assets/dto/post-depreciation.dto.ts","250","29617DE9E3E583824ECB69D5B37F45C28C13353F3D813EA1BFAF91646B6321B0"
"curated-module-source/apps/api/src/fixed-assets/dto/update-asset-category.dto.ts","516","73DC71906CF2B57682D488815C0DD5A48FB13EFDF09A33D01153E0AC5F21D102"
"curated-module-source/apps/api/src/fixed-assets/dto/update-fixed-asset.dto.ts","2088","CA5C1352F54E2BFF121CB8B5BEE2E06047363E6BA300A58EBEA0352C2C9DBFBA"
"curated-module-source/apps/api/src/fixed-assets/fixed-assets.controller.ts","3777","1C986B00D23D99D3D33B11C2199975EA0D3F7488983D4ED45396378FD8C06227"
"curated-module-source/apps/api/src/fixed-assets/fixed-assets.module.ts","669","E301C76EB5DAFBFE432E537F34F9184B567A667FF450E876B8FAE48E5C9F8E27"
"curated-module-source/apps/api/src/fixed-assets/fixed-assets.service.test.ts","14488","43BE1FA66FD6E5F4A2FF4FFD7B9E147959E0A29D8F41E6A87DEE26A0A39FC0CA"
"curated-module-source/apps/api/src/fixed-assets/fixed-assets.service.ts","52540","1BF7063F02185EE1AD9EAB9AFFD9388EA1E279FCE3C587B6EA46220F394E1BDE"
"curated-module-source/apps/api/src/hr/attendance-time.util.test.ts","832","EE0E45D22499E6B609D23DDD7B7E1FF979B9158CBA11D6CA0D11AAF32A6181C8"
"curated-module-source/apps/api/src/hr/attendance-time.util.ts","938","33AB4B218BCCDB4C8EDE4721AAC4CF88AE0EF5E2830DAA5324EC95F7326EDECA"
"curated-module-source/apps/api/src/hr/dto/calculate-payroll.dto.ts","1019","A1CEBD5FC436095971760F977B23F3667D74868C5E56B3591A03E512ECC9271F"
"curated-module-source/apps/api/src/hr/dto/create-business-unit.dto.ts","142","7B5FF70AA7CCCFB6D5785D37ECA4CE651115E0E817A8DFB21BE1E623BDF43479"
"curated-module-source/apps/api/src/hr/dto/create-candidate.dto.ts","361","15965D80DED7237F3D9857E3F58B65FDA3E753A2D68ADD67C18A46040D62E91D"
"curated-module-source/apps/api/src/hr/dto/create-cost-center.dto.ts","140","83842C3A93B7F1C5DE20E1AC168C868555801813CBA8D6E44C5D28F7E7FD0914"
"curated-module-source/apps/api/src/hr/dto/create-department.dto.ts","140","08361DBF177376443CEDC8DBC2F944961857BD115497E6C89DBAE51524999FD8"
"curated-module-source/apps/api/src/hr/dto/create-designation.dto.ts","141","EB7CB32CEE322E53F5A3EB747CB60C3F252C2522CAFBED4F596B62FB51BD52F6"
"curated-module-source/apps/api/src/hr/dto/create-division.dto.ts","138","38F377E37BF32A8EA62C956F2DFF571FA8EFCA449DBB4B62EA34DDF40541D817"
"curated-module-source/apps/api/src/hr/dto/create-employee.dto.ts","2629","5A2CF96ED07CDAB4837A3C98843E60F8FDF3F7509CDA9A78ED6B95B79D4129F7"
"curated-module-source/apps/api/src/hr/dto/create-employee-change.dto.ts","682","9D03507DA2A59E50A1F75CE5A5B69C05A55CDFEBAE81B6A4FE6B440148307DBB"
"curated-module-source/apps/api/src/hr/dto/create-employee-loan.dto.ts","480","8FDB944718F31BF99BA6D7EE776709181E110BAC37B1308F908466243FEA0990"
"curated-module-source/apps/api/src/hr/dto/create-exit-process.dto.ts","456","857DC4A0FC4ABC7D7DA5861B717C857F8BB17E6EC56ED5AD959E40023465400E"
"curated-module-source/apps/api/src/hr/dto/create-expense-claim.dto.ts","513","11EB29D71B02450A8D5D703E35D1D1D5F5A15BBA1142CA03A913AFFB8D31D998"
"curated-module-source/apps/api/src/hr/dto/create-grade.dto.ts","200","93DA440110033DC6EF05F7472280910AF11CE19F5094B0A841692530A98D21DF"
"curated-module-source/apps/api/src/hr/dto/create-holiday.dto.ts","273","ED0F46A822AF8F612DF758B86A97299E219E76C535F0CA61A7A6BE5561F92C9D"
"curated-module-source/apps/api/src/hr/dto/create-job-application.dto.ts","221","73CB2B422C83ADF20059C890B319E649A2836E2CC59BBB4BC119BB3E45461CA5"
"curated-module-source/apps/api/src/hr/dto/create-job-opening.dto.ts","401","B141D3011CE8583E749F75C8C2764DB576BAFDF0544386DD7705E12CF798789F"
"curated-module-source/apps/api/src/hr/dto/create-leave-request.dto.ts","343","3AB67769E963BC8A0CF704B3F8A64C8D859A7BC20BC7BA05C48F50FECC492A3B"
"curated-module-source/apps/api/src/hr/dto/create-leave-type.dto.ts","226","29A7FE3C25388A2D6E70655C8969031FBF474BD259B7285AC7F8165796454B31"
"curated-module-source/apps/api/src/hr/dto/create-loan-repayment.dto.ts","283","F674C3687AC9C8461CA66925694EB18855F6D7A1E3701512CBCDDF76C34463DB"
"curated-module-source/apps/api/src/hr/dto/create-location.dto.ts","138","F8C2F78DCB18ED33E7113EAAE2B95865C28090399DD3DD7C5B63EC4EA74A1407"
"curated-module-source/apps/api/src/hr/dto/create-shift.dto.ts","767","2180B883C5FEF30EF9F875683F94B7C2647B6D5C00736405C139C8C5195B15D6"
"curated-module-source/apps/api/src/hr/dto/decide-expense-claim.dto.ts","143","AE6189CABAB7A18AFD2E99B0B3E5EFF6355EA9BB531C77328662249B167E79D7"
"curated-module-source/apps/api/src/hr/dto/decide-leave-request.dto.ts","143","A30971A57F5FF48A4D258BAE578B2AD0EFC082E3501D2A7CDF1D767E726BB4E5"
"curated-module-source/apps/api/src/hr/dto/import-attendance.dto.ts","1758","B4D576CF0AB31A8E2CC9CE042201A661D45FC92501B03CE65FA04554C0E9E960"
"curated-module-source/apps/api/src/hr/dto/salary-component.dto.ts","222","285F0CF5FA7CC98559F5FF4E04364FE1E06135B7BA653914CF41AF9385BE9748"
"curated-module-source/apps/api/src/hr/dto/update-employee.dto.ts","2784","6E3EF5B2A5B135C1214E36047BA3C224A98C50BCE6F767F9DDB6E4CA9AE0B050"
"curated-module-source/apps/api/src/hr/dto/update-exit-process.dto.ts","1040","4F62AC0A2D119FF1FA44175506C24087E7BD556EA5876694DB6321314D5AF73E"
"curated-module-source/apps/api/src/hr/dto/update-job-application.dto.ts","978","7608FAAC922D70AF69357BBAFA0FBAC144FD33EBF36D23A3B13B061C83B54B56"
"curated-module-source/apps/api/src/hr/dto/update-job-opening.dto.ts","605","D8F23D9FFC19C7676C3C825DD88330CCAD5FF663EB87F85D56D9A02B00AF6BB2"
"curated-module-source/apps/api/src/hr/dto/update-onboarding-checklist.dto.ts","764","36B14720F91B77E2D479394A0314B63B0E9547125FF33158292129316165CD12"
"curated-module-source/apps/api/src/hr/dto/update-payroll-settings.dto.ts","628","543E615D8D8009431DCAD9E32A2A44CD3FA90A495E39236AA8828D3D17641CE4"
"curated-module-source/apps/api/src/hr/hr.controller.ts","21452","79F977BE0A78DBCB33A0093A53DC866891D882881E2BB6C8B33904671741A61C"
"curated-module-source/apps/api/src/hr/hr.module.ts","344","266357CDC28426D1B91095DC350BD2DF90DD9E2A7594DC7CB3914AD4CF70A851"
"curated-module-source/apps/api/src/hr/hr.service.ts","78717","B0172EA69B03C8236E8F69B49A7E6404983963C5AE44C1F747E07BC8751D5AEF"
"curated-module-source/apps/api/src/lc/dto/create-cost-entry.dto.ts","1954","89C958C8516F61DEB0B24C75D759A20122503E6940976B3FCBC5B0BC44CB2D1B"
"curated-module-source/apps/api/src/lc/dto/create-cost-head.dto.ts","982","73934D97B7AE60523386259B055C9D009FC576BA4572AB549818923985B40719"
"curated-module-source/apps/api/src/lc/dto/create-grn.dto.ts","728","F34CF47E76ACF749AD3893C0C4D70578C111332751645A0F97FE9D57643F6667"
"curated-module-source/apps/api/src/lc/dto/create-lc.dto.ts","2779","D02C7FD7ADDC503184BD2B680ABD016C4AA2263EDBA9B321EA197BC10EDA62EE"
"curated-module-source/apps/api/src/lc/dto/create-shipment.dto.ts","673","411FC0C5283F604E0F9B861B0C96D46721309F46C87DB404FFE7B296508B59E8"
"curated-module-source/apps/api/src/lc/dto/post-lc-inventory.dto.ts","946","0F9DF2A92A1A14DE416DEC709F9D42463C5C8FA3AB3EB0B3FD59AF27BD725A2E"
"curated-module-source/apps/api/src/lc/dto/reopen-lc.dto.ts","117","EC28710D27767619C20BA74D4FB542BC350F181B92B1F47B85C86CAC2F1F436C"
"curated-module-source/apps/api/src/lc/dto/save-allocation.dto.ts","1056","BBA6E9BE5E0F36E52410A5F3ECBF641367CEE9AD8B27D452DC440C7C92441C62"
"curated-module-source/apps/api/src/lc/dto/set-lc-status.dto.ts","366","EC23C2EA705C3B13AC5B046F97CAA4D3E8B8A091376476F76DF06946256B014F"
"curated-module-source/apps/api/src/lc/dto/update-cost-entry.dto.ts","1213","5CFC81D5A9333405A65E5361B2C1DC2501B803DA9243FD754D10BA1EC6405F0E"
"curated-module-source/apps/api/src/lc/dto/update-cost-head.dto.ts","663","9C11E8964387654616A78D1642E847A40AD3C965CA218CC805953F5C1211E2F2"
"curated-module-source/apps/api/src/lc/dto/update-lc.dto.ts","2125","CC89DA411D0902FB17352AD110AD1A7DB55244372A04EBC9090F8D6A65BCF02E"
"curated-module-source/apps/api/src/lc/dto/update-lc-profit.dto.ts","498","353A9FF60DFA6D06D3D54B20CDC659A9294AA3C1656AE5351ABEFAC98526956E"
"curated-module-source/apps/api/src/lc/lc.controller.ts","9992","12F7E268CF9F5FDDA4DD9E0DD2E0DC3C893A3B37CA4DE3DAD9CFC77833C53FBA"
"curated-module-source/apps/api/src/lc/lc.module.ts","749","BA4A65108D460DAD6408A06F102DE56C0F8A7B19CC92EF6EBF975342005B6E8E"
"curated-module-source/apps/api/src/lc/lc.service.test.ts","16191","5D261749A0118ED119FB7E5F8EE6E5A4A4F206D14BBEC2756C50082B50646400"
"curated-module-source/apps/api/src/lc/lc.service.ts","116875","2DC4224433FBE1DA9A494835019C6D799986C542BC7746691D7454A500F66E0E"
"curated-module-source/apps/api/src/lc/lc-allocation.util.test.ts","5135","439DB3C277B7E62B6673D373CDEAF0C9CEE2E7DDDD8C84B1F9891A04FAE6CF10"
"curated-module-source/apps/api/src/lc/lc-allocation.util.ts","5642","6CABD69A8B2234E0A89C86E2CF18935D3405DAF79987E800E09CC35ECA9C0307"
"curated-module-source/apps/api/src/lc/lc-default-cost-heads.ts","2836","D53C58F86250AC064D4008950B9D8413548ED44BFD2CEE34508D25BF450D648E"
"curated-module-source/apps/api/src/lc/lc-money.util.test.ts","1046","B40760F3F349BD4CD8348345CEDB27CB32749CB01705CE435522CB58E1415B1E"
"curated-module-source/apps/api/src/lc/lc-money.util.ts","1390","1B1468A208565387AEA73F7D8D1E064823B711938285B857A66CCB3F2676AFF3"
"curated-module-source/src/app/app/assets-management/page.tsx","178","444DEEBC8755BB260B7DCBE14F5E85625F12F901FC0BCD508AA38A4A73C7FF0B"
"curated-module-source/src/app/app/lc-management/[lcId]/edit/page.tsx","254","9B5C960C8AD867297CA7480E7D36953A579E9D7EFC338D001BED5F6E127F77AA"
"curated-module-source/src/app/app/lc-management/[lcId]/page.tsx","244","7669D2C21380361B61607192BFE75EF13D007065C375085A0FC326E6C02723B0"
"curated-module-source/src/app/app/lc-management/cost-heads/page.tsx","403","3DD3AD9191ABA1123216E7F0FDDB28F1ED50B67C36F72D1F47B30A8B673E22B5"
"curated-module-source/src/app/app/lc-management/cost-posting/[lcId]/[costEntryId]/edit/page.tsx","347","6CA098EE43EB443EC5A1C55CC0E478EA0ABB9846BBA246AB033F444C30036830"
"curated-module-source/src/app/app/lc-management/cost-posting/[lcId]/page.tsx","264","510A836B48FE59B88B6E7BBE1343CD579A3D5E5D1F2585C92A843F8A7BD66741"
"curated-module-source/src/app/app/lc-management/create/page.tsx","410","C9F4709FAFB499FBE6FE38A2C8478ACF6334706DE3E41913852395DAB3C7E7B1"
"curated-module-source/src/app/app/lc-management/current/page.tsx","144","B0D9090AB5C73BFB0ACFB66E455B390E932AAF71512AA6EF3D7416D552927565"
"curated-module-source/src/app/app/lc-management/dashboard/page.tsx","171","653E83866D887C4EB0148C3812D740B37FBB6075C465BFB63EDB00DF19E8CC51"
"curated-module-source/src/app/app/lc-management/page.tsx","147","BFACA0DECC4383A52EEE6F5E251EB2A353ACBDC6215DE3F5592DDCD7BEA48E11"
"curated-module-source/src/app/app/payroll-hr/page.tsx","150","90BF7DFEE86E86B5B334689B02D7E1ED69652B500D50A80BEAB887E9FCFABC2B"
"curated-module-source/src/app/app/payroll-hr/run-payroll/page.tsx","154","B69FA6E0FC47754069E2669ACABA5244C93C076448356ABD4E228C0F1BC7FFA2"
"curated-module-source/src/app/app/payroll-hr/shifts-holidays/page.tsx","170","41842153A282DC2E42B7908FA55827D629ECB02A5146A22B3AD29F4FD83CA7B8"
"curated-module-source/src/app/app/purchase/[section]/page.tsx","471","0B226F5AA7F3E7D3A89A6C9696632C8F646D96FC1157751DFD29B4E60C8F4E61"
"curated-module-source/src/app/app/vouchers/[type]/new/page.tsx","327","6852A70E4C46D9180A76E919841F338D7B34E3E46A2EBC07D2EC9BCF5E58BD31"
"curated-module-source/src/app/globals.css","74032","BB079C87BF199A33D1FBB758510B55FECD5D1D02DFCA58A61074E57B29CACD9D"
"curated-module-source/src/components/shared/hr-empty-state.tsx","2265","7129041E355B203BB1B47E4C8FBCD23997D9D7E2C8FAC6098C2193B121A061E2"
"curated-module-source/src/components/shared/lc-empty-state.tsx","1960","CFEAF1DB89C4CCCCF5DC2C7A1A3E386A070BAF75B62464C7AD4A195F5CBC6016"
"curated-module-source/src/config/lc-currencies.ts","773","E7F85EB0F54A211A5F5A45CA040A8484C33813F2183AB8B1687EE10CF9F47A58"
"curated-module-source/src/features/screens/add-employee-dialog.tsx","30984","B6DCDB6E4E1302A5B39F4F2600A246109ABF706A016991829CA82BD08C45680C"
"curated-module-source/src/features/screens/apply-leave-dialog.tsx","9907","B59D0802DCBD56F75F6A5B7818C41D0F66B9D9D489286005885396A56B4B9223"
"curated-module-source/src/features/screens/assets-management-screen.tsx","35483","9AC537E375874A2DD1BF2D0EA515F15D895CB041AF32BE5CB61360FEC7E23AE7"
"curated-module-source/src/features/screens/attendance-import-dialog.tsx","15953","E8A74420BC260B27AE39B5F333929E017191829A45715EEFEACBB45D98B5CE9A"
"curated-module-source/src/features/screens/create-lc-wizard-dialog.tsx","57024","0CF36066E5A1E24F5321CD10EB0306492A33B4F0FE6A1B882A29D73592021BB4"
"curated-module-source/src/features/screens/current-lc-page.tsx","1225","F3112DDD2BFF7FF303E03750BFDC55E8A5657B97EA1D7E7716E9482B4C4647DA"
"curated-module-source/src/features/screens/edit-lc-page-screen.tsx","16796","02B61FE735955807E6AA67EA5818D7CCBD51AB41A5327F1845EE69E08D937242"
"curated-module-source/src/features/screens/employee-leave-tracker-report.tsx","31345","0D1688AF956C0E96529C09AFA22FD76291192258AFBA5192A392B60979D88496"
"curated-module-source/src/features/screens/employee-lifecycle-dialog.tsx","19904","186E39DC52108B79CF422F9FC618EE0095C42321DA6A16CD5308C4327B66E7FA"
"curated-module-source/src/features/screens/employee-loans-section.tsx","11583","940AECDF59650C2EF054002F418A35D299225A32BCA552005B944A2F02FFCB12"
"curated-module-source/src/features/screens/expense-claims-section.tsx","11844","55CCA687DCB814B09E6E50466202414E5D363C51617E31E9C1B4B51788D13D0D"
"curated-module-source/src/features/screens/hr-reports-dialog.tsx","11529","B148380DA387721AA114D347D675507A1C49E880924DC379450E5576BB486BC7"
"curated-module-source/src/features/screens/lc-cost-head-manager-dialog.tsx","9160","BE294B4E0E96A40D01172C83A8F9121D87FF26E65AAF6CDF2DF194149BC8FE5E"
"curated-module-source/src/features/screens/lc-cost-posting-edit-screen.tsx","11575","F43ACFAD9A51F5E8E64CF7271430DD38BA7DA27C15896F1BE7C45E2C2C0D73F3"
"curated-module-source/src/features/screens/lc-cost-posting-screen.tsx","7534","F0450090F945E25C335A7E2A4B2DFF5089BC6FBFDEC8309335EA191281CD1667"
"curated-module-source/src/features/screens/lc-detail-dialog.tsx","122472","1835396A0A14A5F849A41087DB7C2020EEACD7C521A2EBB10EA1D14FAEB7BDE9"
"curated-module-source/src/features/screens/lc-detail-page.tsx","1503","3563EBEB420202188CA5328A4C0A6E6702DBFE1CE4A27BED795ED3717C8F5E9C"
"curated-module-source/src/features/screens/lc-management-screen.tsx","50578","A4B260811BDCFD526A0EE4FBD0659F4CE87E0551423FF85BC401C4D38BCCBDBE"
"curated-module-source/src/features/screens/leave-type-manager-dialog.tsx","4844","36CDEF04FD9F3A53ED4E873682CDB89123414BCCFDBF2DF8471FD6870E779B27"
"curated-module-source/src/features/screens/payroll-hr-screen.tsx","78187","8205E7758F5E2794DAC5A31AD23B22B15606C87564FA03F302ACBC21325D4F79"
"curated-module-source/src/features/screens/payroll-rules-form.tsx","7629","5C71C8F4D57B71BE6DBD9E933B5782B8ACF87C600C9654D364444078D166BF4F"
"curated-module-source/src/features/screens/payroll-run-detail-dialog.tsx","7303","2191E3A53FD4660D711C944ED2D3A03BA21F39F6AF2C9733CF9FF103D7075888"
"curated-module-source/src/features/screens/purchase-workspace-screen.tsx","413119","BA84C181E0B8385C21FD790DB1316C06F6B289074E18DFFAC12D65BE3731558C"
"curated-module-source/src/features/screens/reports-workspace-screen.tsx","493933","C56114E381F23CF8A157469481E7DCCA77BC51A99CBAA3AE09E8BAB5CB41BB30"
"curated-module-source/src/features/screens/run-payroll-screen.tsx","33700","9719A7F0FDA6C86456AEC8DDD9661698CE82EBC790D984E31D2D5BFD3B6E581D"
"curated-module-source/src/features/screens/voucher-entry-screen.tsx","629102","8715ED80ADA50826EBD367CFAFCA4800285E2FE14CE72D84915CBD695FEA0190"
"curated-module-source/src/hooks/use-fixed-assets-query.ts","4325","FC3A40FB051E17D8151E4FF176D51FB75A2788023C227FDE64C6D708AA65B119"
"curated-module-source/src/hooks/use-hr-query.ts","24436","BF170B5A4B0A8538D09EF200D5CBD999B646EB05D740B5D6B86698C5EB641BD2"
"curated-module-source/src/hooks/use-lc-query.ts","11027","49DCFBCDFF5EFA3051389517427141CD393233BB46E734B2F213C5C2815C78A2"
"curated-module-source/src/layouts/sidebar-nav.tsx","49689","2818C28AEE4D857E853DE6A7023A03E948643AF07CCFA50F70FA471E21C284AD"
"curated-module-source/src/services/fixed-assets.service.ts","2340","1302EAC4276F7D5C31F07D121F14E64C82472A94A53B83B74F15B64EC5C6D037"
"curated-module-source/src/services/hr.service.ts","13194","100470AF6F1F34BA102C4C0E17CE6C85DDA562DBCAFD69508E2C3F19DA4CED74"
"curated-module-source/src/services/lc.service.ts","6591","6B9BAA5BF88024BD8F76586F260C199625383BF67087A564FDAC01114677DDC5"
"curated-module-source/src/types/fixed-assets.ts","4524","76D97BA81EF50B423BE62B2B433DCD5A624CB1DDD7C3DBB7814A0F7FC45383D7"
"curated-module-source/src/types/hr.ts","15031","E40CFB1EC9B7C7D00B263F2AB30D603B6840E483A0EDA41EF7BCBF3F0CF6288A"
"curated-module-source/src/types/lc.ts","11639","A4F6452144D3B9AB57C0357D7FA1B37D046A3540A6919F11048836E2163971B7"
"docs/CODEX-IMPLEMENTATION-PROMPT.md","4729","B489009B168617C43837A898C69458B0F1332D8B5AC11198FE4E61243F3B2F6F"
"docs/PORTING-GUIDE.md","6412","09E19385BF6CF5381AADC74483E9717FB4C230FAA244CDB60D5B4FCC21C19E42"
"docs/SOURCE-GIT-STATE.txt","605","596F085D58765BDE70E54B2E2E7AA7BC88DAA16EF90312632156788E6024AC72"
"docs/VALIDATION-RESULTS.md","722","29C5B632F2AB1F801893152FFE0FDDF274C82CAFB8DAF8790DA8F146CD2213A3"
"README.md","2311","7D9B2D1B9EB851CC4ED0442D7341FF6A29CE5F845CD2585E58DA6233207D42B5"
